name,num_blocks,num_photons,ts,variability,association,eflux100
4FGL J0651.6+7120,0,3466,3.7089840427910246,0.7143340896097039,bcu,1.6379415612132326e-06
4FGL J1703.9+1349,0,4632,8.021039304115844,0.6101911742238941,fsrq,3.4096553209205366e-06
4FGL J0827.1+7111,0,9093,84.59562665281328,2.9564889385386355,bll,1.0057813695967805e-06
4FGL J1414.6-7650,0,2395,162.15646233550424,3.0220868963890863,fsrq,7.132410952646946e-05
4FGL J1912.8+6907,0,2523,0.5003078897558212,0.8414552108646528,bll,0.00016446887832272203
4FGL J0859.2+7928,0,14571,358.13544456386273,0.08293914463928076,fsrq,8.462480183425879e-05
4FGL J0834.3+7902,0,1002,15.414084833748696,0.8081435704730688,unid,0.00035008904990236755
4FGL J0537.1-5307,0,6514,0.8681726863482142,3.3446202983154985,unid,1.650676952947138e-05
4FGL J1731.9+2201,0,7908,25.65899815394155,1.7974557560987758,bll,0.00024008833502041097
4FGL J1231.6+4634,0,7478,0.327643681054763,1.254302636733306,bll,1.1521119968256578e-07
4FGL J1351.9-1525,0,4850,2.6463684667922425,0.8660093495500759,fsrq,0.0009888462087814134
4FGL J1211.1-0150,0,827,5.767217079817778,1.5948781514688064,psr,3.5251311656963473e-06
4FGL J0240.8-6119,0,9048,1.860721375918787,1.9460083936708155,bll,3.7559503642069866e-05
4FGL J0747.0+8551,0,7835,1.06514565758515,2.792021248679025,fsrq,9.79520204637128e-06
4FGL J1420.4-8410,0,7375,11.510779094095257,0.37717273544884633,bll,2.889192212029513e-06
4FGL J1727.5-4035,0,2878,0.6477683641917437,2.0560336043609313,fsrq,3.3193261973071564e-06
4FGL J2100.4-4810,0,4119,6.548066664298219,4.1458211035325725,fsrq,2.885312450014185e-05
4FGL J1647.4-2214,0,9943,97.78214499267084,1.0648208075445535,bll,2.2054088066251855e-07
4FGL J2324.1+6626,0,2362,4.01045460292863,4.108953184222246,fsrq,9.261453831601858e-06
4FGL J1358.6-0602,0,4543,0.6411209851753427,2.6630863322751157,bll,2.0373126164437976e-05
4FGL J2133.2+3948,0,6659,18.5952938593416,1.2217657773232726,fsrq,8.101633355138535e-06
4FGL J2103.0-1948,0,4755,158.57468336253757,2.9061911071130613,bll,0.017587683179414053
4FGL J0112.4+8300,0,1256,0.17870636842863286,2.3658310052594613,fsrq,9.801081538918934e-06
4FGL J1739.2-1331,0,5864,16.053604407544736,2.193723376941695,fsrq,8.099827403851574e-07
4FGL J1428.5-2635,0,1737,31.19180985873766,1.0227229658473163,psr,0.00010123486170824934
4FGL J0507.9-8945,0,737,596.7533979129539,4.360619544720757,unid,2.307070227802269e-05
4FGL J1058.7-5053,0,1846,12.780305257347585,0.16939580123297493,bll,2.772507145559642e-06
4FGL J2318.0-2928,0,2207,764.9830520366479,3.877638083475053,fsrq,1.0489077886136291e-06
4FGL J0728.9-0231,0,6690,6.735577796290712,2.043670855490482,bll,5.619346951602889e-05
4FGL J1835.0+8101,0,3611,7.429889712470101,1.2971171671564625,fsrq,3.409353613430221e-07
4FGL J0116.4-7522,0,1456,0.14655759537215043,4.500093209240525,unid,0.0009599144547720791
4FGL J0710.7-5838,0,6868,103.64683163796276,3.3183558268132405,unid,1.9534872475902105e-06
4FGL J1039.2-3834,0,11065,32.183227561074105,3.9500677939592803,bcu,3.7785834382875456e-06
4FGL J1458.9+2546,0,1293,0.09026786546928652,3.655118357291408,bll,8.304212311419558e-06
4FGL J0258.4+2848,0,5850,0.03903754789287208,1.3584348553450205,fsrq,8.582431257092051e-06
4FGL J2303.5-3636,1,4211,6.788468585596035,13.053908823398945,bll,1.2121512210805506e-05
4FGL J0255.6-0453,0,9360,1.6449665759555576,4.974539113232177,bll,0.0005821750513010372
4FGL J0447.4-6936,1,6375,35.19650686435509,13.373914563688182,psr,0.00026234287803464623
4FGL J1735.6+7628,0,5718,2.7277421028388438,0.5792192839012883,fsrq,3.774563758233031e-06
4FGL J1051.3+4613,0,3670,71.22250635281553,4.754317811252052,bll,8.486090487436578e-05
4FGL J1306.8-8335,0,5891,1.0185043055954999,1.3449670221754884,psr,1.6115603747246114e-05
4FGL J0059.5+0710,0,4932,2.347351274922253,1.051747899594343,fsrq,1.881246039956095e-05
4FGL J0913.8-1122,0,2588,29.972819130835276,4.879326279095657,fsrq,6.17194599868061e-05
4FGL J0735.1+8641,0,15909,245.54352065328249,2.461389282240174,bll,1.12873718160949e-05
4FGL J1036.0-7536,0,9089,9.256363347810561,1.0292060501838414,bll,0.0004293862303843594
4FGL J2243.3+2244,0,2137,3.813574124332631,3.3671621666245866,unid,3.334585375521289e-05
4FGL J0822.7-7400,0,6348,0.3069540531000265,3.049159027493473,fsrq,0.00030692308322241796
4FGL J0105.4+2524,0,7099,34.644565171252864,3.8244163077106412,psr,0.0074419751802710125
4FGL J2051.2+2846,0,1034,9.817525053621544,3.5881789295431474,fsrq,1.1840161593538223e-06
4FGL J0403.6-1835,0,4735,7.2351777178632455,2.9330423158773704,bll,2.3642632842421237e-06
4FGL J0541.4+3539,0,2360,1.4002323289493743,1.7749815291596867,bll,1.3213034760727822e-06
4FGL J0501.0+0137,2,1286,0.04195551249716808,97.62314583377743,bll,4.793531759436423e-06
4FGL J2001.2+7200,0,4536,0.42785121814707316,3.0029716668030866,fsrq,1.6450128341807624e-05
4FGL J1315.2+5102,0,783,2.1309634329881777,0.12905953474743492,bll,1.3975593486507882e-06
4FGL J2314.2+8208,0,7958,2.8252565471032742,1.3269370459409728,bll,0.00017393049786734705
4FGL J2053.6+2009,0,220,0.23274237180815927,1.2060072879977075,other,2.6414427508517165e-05
4FGL J0816.1+4000,0,2629,0.6400955084795492,4.204357897129613,bll,1.3391951744618577e-05
4FGL J2236.6-7156,0,818,1.155541725585058,0.356283638826293,bll,5.756213770924655e-07
4FGL J2249.7-3511,0,4993,3.3552916527775567,4.601485906097039,fsrq,1.140467245557478e-06
4FGL J0758.5+8849,0,5179,6.828739259676282,0.06357444993446759,other,6.0145067667495394e-05
4FGL J2014.2-4930,0,3492,0.1622707184767441,2.067082246476307,psr,8.696772221207357e-05
4FGL J2111.1+1356,0,10074,42.63748184693676,2.3515952705089282,fsrq,0.00011858067245104018
4FGL J1219.2-7003,0,6094,8.823697551889342,2.8074229397976187,fsrq,0.000985189010032386
4FGL J1410.0+4432,0,6901,0.3149215270988535,4.955632159106519,psr,1.6054052056780306e-05
4FGL J0023.5+6940,0,9352,2.5897032293686544,2.3603021709849914,bll,1.3733165638623502e-06
4FGL J0457.6+6802,0,5756,2.1089106808392284,2.319662433441681,other,2.9454632675316514e-07
4FGL J1752.6-7021,0,11851,46.038532501181166,1.1370474793068945,fsrq,0.0006090295381511939
4FGL J0105.4-6409,0,6899,6.818477847440877,1.0804522659265374,bll,1.2275004262599646e-05
4FGL J1742.7+5010,0,1940,254.1519260441412,1.7833548707088238,psr,1.5794124875092738e-06
4FGL J0615.1+0226,0,5131,0.47340551427677224,2.9905631468450897,bll,0.0004955686667925622
4FGL J1520.4-8932,0,2065,7.377221560966716,3.0688870940784954,fsrq,4.7903768835820785e-05
4FGL J1337.2-7134,1,8720,2.875648437824716,6.506618765542774,unid,4.792904694317836e-05
4FGL J1310.8-5813,0,9109,1.5628157069866422,4.261319371955907,bcu,0.00015944254122506618
4FGL J1825.4-2139,0,6682,25.816555211923223,3.5131688654275814,bll,1.4944609800854889e-06
4FGL J0742.4+8938,0,543,1.6741372797447611,1.3891103639086722,psr,5.817290801167521e-07
4FGL J1623.6+5838,0,17220,200.81445484488918,0.6574455994899081,bll,1.4351558225132487e-05
4FGL J1322.0+4622,0,3921,1.0870015942579818,2.2811825447777103,fsrq,3.9352065500584664e-05
4FGL J1012.5-8150,0,6493,2.4534360940235973,3.7049062513728925,fsrq,7.554523902060271e-06
4FGL J2223.5+2720,0,5499,1.0229988634255056,4.308712474591477,fsrq,1.097228879416995e-05
4FGL J0348.7-6829,1,4081,3.3299087302277917,6.758475132842088,bll,0.00010526534244899696
4FGL J1038.7+0027,5,1601,3.625902748572379,50.5661556660162,other,0.0002788394546665916
4FGL J1731.2+8542,0,1636,30.758857342241964,1.4969779418584062,fsrq,3.4858694496234916e-06
4FGL J0139.5-3341,0,3072,3.2455059473502934,1.1619216152802392,bll,2.8336902162746802e-06
4FGL J1148.5-2517,0,810,26.571326018465843,4.196692461780012,bll,0.00013140132893150675
4FGL J2209.4-8420,0,7965,8.87694822411363,4.75386353865669,psr,3.56577285281167e-06
4FGL J0640.1-1235,0,7857,41.40646943001298,2.3614090208149086,unid,8.92741614962488e-05
4FGL J0516.8+2328,0,5254,0.6038829377140517,3.387711337294766,bll,9.987943879141913e-05
4FGL J0133.6-7859,0,2541,6.069265875771798,2.653686776434179,bcu,1.7797843788684092e-05
4FGL J1349.3+0419,0,3145,3.663882982414693,3.805441530119378,fsrq,4.288044894512224e-06
4FGL J0229.0+0743,0,10014,1.303074902591439,2.636163303769563,fsrq,2.4875294828447683e-06
4FGL J0116.1+7901,0,7346,3.7818766814251923,1.2367015790954166,bcu,7.461719099372588e-07
4FGL J0234.0+8913,0,3829,10.10423814831354,3.2831553685393806,bll,3.218955353188298e-07
4FGL J1621.3+4028,0,4843,19.929005614561184,2.900444173347273,fsrq,2.2316416002220104e-06
4FGL J2323.8+6633,0,5600,3.207871759077404,2.660108394921259,fsrq,8.831639124033441e-05
4FGL J1526.5-5647,0,2290,0.6495244292319062,3.812414422377765,fsrq,6.901728879472001e-06
4FGL J0519.0+0216,0,6446,29.50253827883873,4.735453335542595,fsrq,1.0900879353455656e-06
4FGL J1751.4+1152,0,7361,0.21337195418573857,2.0226369278693483,bll,0.0002696787660855646
4FGL J1219.6+7822,0,2878,1.9602454162048906,1.381595542329268,fsrq,3.2015233116493636e-05
4FGL J0427.9-6817,0,855,5.433163455553466,3.027413346072023,fsrq,4.519365949289302e-07
4FGL J1505.1-5859,0,2243,13.503549144420496,2.937929355547009,psr,3.9133684761622127e-05
4FGL J1726.4-3451,0,4404,0.18069763319711749,3.6172390892500053,bll,5.573346496435045e-06
4FGL J0053.4+8155,0,13485,137.53444456108465,3.1897713134236936,psr,0.05791538005837968
4FGL J0537.0-2804,0,6811,4.0925881283215455,4.40845305921754,psr,2.9435479254111667e-06
4FGL J0805.5+3438,0,7977,0.29324546697836434,4.421882735114856,fsrq,4.53017018998309e-08
4FGL J0927.5-3854,0,3464,2.4182265068343303,3.7469522640057953,fsrq,1.5149992795604965e-05
4FGL J1802.0+4641,0,3457,6.992710672135835,2.733426275496444,fsrq,1.5029381805055573e-05
4FGL J1328.2-6540,0,4176,0.9704611602616336,3.2388711647517106,bll,1.7733926818802568e-06
4FGL J0827.8+6055,0,7037,79.11255392130093,1.7510149554536514,bcu,6.667878406831063e-08
4FGL J1210.8-0739,0,2318,8.352971525607074,2.124254214340435,unid,5.404106622576291e-07
4FGL J1731.8-6137,0,9618,4.7687766071912625,3.181871407666872,bll,2.164108104696189e-06
4FGL J2254.4-8357,0,4739,1.9713737131120788,1.3200217497973292,fsrq,4.697598184852516e-06
4FGL J0251.5+2050,0,3222,1.6362725698520983,3.2717100274635986,bll,0.0004700169122526006
4FGL J1020.8+8640,0,6428,1.015145076633029,2.996510580697189,bll,4.964169286218432e-06
4FGL J1342.7-4458,0,7488,2.3986702607823056,1.4325977446356148,psr,3.145077587832723e-05
4FGL J2221.4-1027,0,7893,1.7021645863786596,1.5181196907192014,bll,1.1174863824346871e-05
4FGL J0712.8+0518,0,15682,224.26682060028102,2.0138791661644992,other,2.119497112913418e-05
4FGL J0830.5-8338,0,6366,3.026312518973476,3.001407302640185,bll,6.170567842538749e-07
4FGL J1242.6-2047,0,5149,18.222370891517205,3.867763709324436,bll,9.97769419796508e-07
4FGL J1605.5+2701,0,9117,5.904347888473009,3.695334879696863,bll,0.00014925071446385537
4FGL J0825.2+0918,0,8793,3.03024320581625,1.2472910214661614,psr,0.0006733865825760657
4FGL J0405.3+4622,0,7205,198.9045002997844,2.802899045005243,unid,2.8932668844351743e-05
4FGL J0534.0-0746,0,2342,16.550001975036523,0.42344170937653414,fsrq,0.0003650570483386036
4FGL J0643.2-1842,0,4458,18.713020804705504,4.168220052375862,psr,9.932652353819857e-08
4FGL J1534.4-1749,0,8966,0.43497105613902615,3.290274919306104,bll,8.423933080326753e-08
4FGL J2240.9-4733,0,381,29.914622654969275,4.174736028472019,other,6.5623932577769414e-06
4FGL J2128.9+2922,0,7633,9.266118694403396,2.4219559280042464,bcu,6.121402821189909e-05
4FGL J1818.3+7856,0,8414,3.749992128575312,1.9849608110373707,bll,2.3750363322774276e-06
4FGL J0929.4-3456,0,6311,2.558603984183558,2.0559523793474552,fsrq,1.7386953739125052e-07
4FGL J1039.2-7444,0,17691,577.4173330423307,2.971209136542986,fsrq,0.00010506356532967521
4FGL J1125.6-4719,0,2456,80.3650280669009,1.4796601471830806,bcu,6.716946242104813e-08
4FGL J0645.8-4316,0,5051,0.4605310894897509,1.5913102069286293,unid,5.741449565039905e-07
4FGL J0200.0-5246,0,3944,49.994451826891925,0.6660496206831434,bcu,0.00029007620664433874
4FGL J1227.6+5518,1,6119,3.129230114310457,10.835395897654106,bll,1.8393368918470535e-05
4FGL J2249.8+5625,0,1747,5.244364436770075,3.29051109028246,other,8.156747574095691e-08
4FGL J0647.8-4738,0,905,2.657383205077779,2.384194388665622,bcu,5.705890696793476e-05
4FGL J0206.9+3736,0,584,2.001402173913294,4.102437922401374,psr,1.9700644655369637e-07
4FGL J1437.7+1802,0,2102,8.048059160472492,2.372174468103675,bll,1.8844314662094565e-05
4FGL J1502.7+0515,0,1061,0.27591509493862804,0.895158187207919,psr,4.055966822690342e-06
4FGL J0050.7+8522,0,3414,0.3248587017435649,3.654351728880802,fsrq,0.00033631474443750886
4FGL J0800.6-6322,0,9477,1.8149574442922884,1.7492719209042722,bll,1.0501804759547295e-06
4FGL J2219.8-1627,0,3316,3.6171782680895115,2.0775703153103295,unid,7.604828113786165e-06
4FGL J1923.3+6100,0,5020,0.9865631375148943,0.6084765336333614,fsrq,0.00021368224829713644
4FGL J0454.1+7817,0,288,0.7144416382933191,3.6795897677599436,bll,3.9832122071045364e-05
4FGL J1415.8+6714,0,7800,3.2901133318021523,0.715806789055965,bcu,1.0382437726934787e-05
4FGL J1546.1-5007,0,8308,5.020277114763144,4.377443251979482,bll,4.0676107199674466e-06
4FGL J0247.2+0251,0,4542,51.23328525763902,4.396397780785033,psr,0.00023484631498272594
4FGL J0415.9+4216,0,7736,6.717080627882947,1.5578586979111448,psr,6.476305940951235e-05
4FGL J0000.0-0317,0,8188,3.621992300279756,1.706222248788603,fsrq,5.371081823139467e-06
4FGL J1623.5+7018,0,3853,1.1995979794465834,4.379524624999473,unid,2.603622677218272e-07
4FGL J1920.2+3600,0,4484,1.2539277515321552,2.4142563720505237,bll,4.7687111870621314e-05
4FGL J0819.2+5705,0,4598,20.2316572966215,0.19905719722876913,bll,6.413900472559143e-06
4FGL J0013.9+0538,0,6206,6.8284214504815335,4.071919603345408,fsrq,8.332907894077676e-06
4FGL J0944.3+4147,0,3389,2.643026008276213,1.8604112748144797,psr,4.3320294664797315e-05
4FGL J1731.9-6532,0,3212,1.3426647126778584,3.6255557996665804,psr,2.1024940415953262e-07
4FGL J1519.9-7742,0,3493,36.53427402888187,3.7430435429091617,fsrq,1.8314616393926995e-06
4FGL J2214.1-8047,0,7944,17.168260227129917,3.848733114285436,other,0.0007617275580847893
4FGL J1309.9+3340,0,1378,12.231792955177053,1.513875641359836,fsrq,0.002575240827882507
4FGL J1729.6+8722,0,7344,1.9452991821072714,4.182077982899283,unid,0.00013970865612600368
4FGL J1939.7+3006,0,4031,1.947780315045455,3.08356353823388,unid,8.72237894455676e-06
4FGL J2258.7-6411,0,733,0.37844842282143054,1.586944250139426,bll,2.5827737779657973e-05
4FGL J0639.3-1529,0,11867,114.39406634252985,1.5895233688664179,bll,3.809152292993749e-07
4FGL J1310.0+6752,0,6335,0.7417461173211948,4.6183241877482635,other,1.9307785015355646e-06
4FGL J1637.8+0348,0,1436,5.689335230079954,3.986971789538893,fsrq,1.4127324074157218e-05
4FGL J1106.1-6758,0,3431,4.323526648697871,0.26240855049863787,fsrq,1.0013731871135629e-05
4FGL J1048.5+0930,0,7936,1.618618932425384,2.437031515504038,unid,1.9723409758350434e-05
4FGL J0702.3+5419,0,8764,1.2660204593632511,2.361132128781022,psr,4.330562820695748e-07
4FGL J1601.9+0653,0,5454,1.2252842403185509,0.07098317235861851,bll,0.001732168116506007
4FGL J1304.1+5618,0,7810,1.7099567158282247,0.8523125579082103,fsrq,1.988941738007523e-06
4FGL J0338.1+2427,0,7426,15.547372012084407,1.367372576874899,psr,3.2689579052295573e-07
4FGL J0640.1+3305,0,7436,0.38978696676083735,1.054849453099752,psr,4.087583600138462e-07
4FGL J0712.5+7712,0,7116,2.028322221901667,0.049137762848939226,fsrq,1.0947351351634827e-05
4FGL J1234.6-0425,0,15237,663.6366410320823,3.5722984194289085,fsrq,1.482481876514802e-05
4FGL J2036.9-6309,0,10683,14.347244737826328,1.101636967187913,bll,6.883436277676506e-06
4FGL J0152.2+2547,0,3870,24.030593046427317,4.988361316323296,bll,5.608603742788018e-07
4FGL J1405.4+0209,0,6859,0.09079750828843598,3.311160791647965,psr,1.7577501661548186e-06
4FGL J2106.5+7937,0,2730,3.9562266944016033,4.19199819046095,psr,5.698561857400646e-05
4FGL J1402.5+7423,0,250,4.280008874741032,4.605719400904209,other,3.4278668135979142e-06
4FGL J1200.5-3447,0,7203,54.85724103994911,2.573921174665672,fsrq,1.063639287034868e-05
4FGL J0417.6-1128,0,1104,5.873748879685526,2.246372734783249,unid,2.3960065350109374e-06
4FGL J1957.3-5637,0,933,0.4849660223671436,3.8501061422791434,bcu,0.00011046313656818804
4FGL J0457.8-7355,0,5879,0.5100104914229326,1.4993713422203248,bll,1.670583588540752e-05
4FGL J1742.1+2907,0,7747,2.6346658358548773,0.7193807769489008,bll,0.00022291700264318701
4FGL J2317.9+7127,0,2291,3.1986097513590064,1.25170133690693,psr,1.1337111245715185e-06
4FGL J0241.0+6954,0,9632,0.12971775161298818,4.822441125119271,bll,3.3554181657000014e-06
4FGL J0940.2-7348,0,174,4.574067911821767,3.4012534416518703,psr,1.036391445985048e-05
4FGL J0201.4+2057,0,8517,7.895887155450412,3.3366592483384667,bll,6.350558724587376e-05
4FGL J1804.8+1147,0,7348,55.628421913974776,1.3311575074940514,bll,9.286348312342398e-05
4FGL J0348.8+8515,0,8090,1.1951580972016884,1.925530614949602,fsrq,1.341321664244873e-06
4FGL J0031.5-1618,0,4945,1.1999711326809643,1.670227742099798,bll,1.8298845461255564e-06
4FGL J0108.2+6037,0,2994,4.307156339668174,3.613843380053978,unid,2.477655234233227e-05
4FGL J0242.6+3048,0,3180,7.260730886299038,0.7563214223133796,bll,0.0004891363987904545
4FGL J0417.5-4913,0,7298,0.6405157631434527,2.526768341189131,bcu,6.040057893023662e-05
4FGL J2057.0-7150,0,5446,4.899903195341041,2.8079725385609713,bll,0.0003869169146551909
4FGL J2300.7+7556,0,7163,20.068742128227488,0.45209488895830374,unid,1.0811868891344086e-05
4FGL J0433.6-3927,0,1148,0.24632596812718507,3.1410329854652197,bll,0.00046670671436806367
4FGL J1124.7-7815,0,9270,1.8913524329514022,3.3655567406226434,other,1.2884098223603141e-05
4FGL J2322.4-7014,2,6628,35.26409673119488,54.3599983350152,bll,0.0003628403384087297
4FGL J2135.6+8913,0,4212,0.4484396671121683,3.8122226096955005,unid,2.7005428550635956e-06
4FGL J2254.0-2343,0,8039,0.2932550661392818,3.1606121422451157,fsrq,0.00010253519539506803
4FGL J1053.8+2742,0,5342,8.330615324761636,4.959158962318152,bll,6.156683495676234e-05
4FGL J1142.4-5356,0,5977,0.9561600324105907,3.6072457855478604,unid,0.0001543717471221682
4FGL J2111.1-1802,0,4188,3.4962172036937287,4.852192744420487,bll,1.4463464166452231e-05
4FGL J1222.0-3823,0,8022,0.2824335609450046,2.5423951765401305,bll,5.538337331102063e-05
4FGL J1032.3-8300,0,360,2.5794185569177586,1.4260587232666606,fsrq,3.0005138642879913e-05
4FGL J1232.8-7626,0,3193,7.04988076722339,1.9200953698247907,unid,2.012594738667417e-06
4FGL J0750.2-6953,0,8174,1.900855691597883,3.464392138483261,fsrq,4.723346514526147e-05
4FGL J1933.9+7037,0,8106,0.08153299469470839,1.9402923713047848,psr,0.00013931448743413377
4FGL J1610.4+4228,0,6855,0.18162427958493935,1.0389523235237692,psr,2.3516131645229873e-06
4FGL J0116.8+7051,0,8532,0.11720378599592947,3.992421214652127,bll,2.3306801986500143e-06
4FGL J1217.0+8701,0,8378,11.89955775486033,3.1964773633272876,unid,6.637984212610505e-05
4FGL J0554.0+0859,0,6321,8.895920882406646,0.322503793432809,other,0.004339969088853173
4FGL J2000.9+5919,0,3397,0.08237434562139742,0.6247828304200903,bll,0.0005990355784822983
4FGL J1019.0+0136,0,5336,3.273718905988179,4.876222676419793,unid,0.0017182086640623348
4FGL J2321.9+3025,0,3104,0.05750200487534535,1.964195382407012,bll,6.352431872019874e-05
4FGL J2203.5-0946,0,8501,1.5727851414763874,2.414273824914734,bcu,6.64527617097903e-09
4FGL J2011.2+1019,0,8788,69.19962216808317,2.6560052340979814,bll,3.3218458094787754e-06
4FGL J1258.0+1501,0,4609,3.8619504474964357,0.03548266247443588,psr,7.862839250401443e-05
4FGL J2143.3-6124,0,498,5.988844450493184,0.970643852229861,fsrq,4.9851710166578795e-06
4FGL J1227.0-6351,0,8234,1.193532163077446,4.79796073804617,psr,1.1183753032432132e-05
4FGL J1931.8-0016,0,8324,0.30728422690967294,1.5133960518937735,fsrq,8.313076189478774e-06
4FGL J1927.4-4309,0,764,0.24979515715516207,0.1409567022361108,bll,9.30092188789906e-05
4FGL J1208.9+0812,0,1438,3.687501883733361,3.8733646859089914,bll,2.4386219004468508e-05
4FGL J0309.1-6646,0,15573,661.7118920612755,2.4320251776808908,fsrq,1.8737493655041565e-05
4FGL J0540.8+7404,0,9964,4.726309034353767,2.193423514498968,fsrq,8.567950728823995e-06
4FGL J0659.8-5830,0,9341,15.265287854509733,3.309507882359643,fsrq,2.0760492031273887e-05
4FGL J1010.5-6912,0,897,2.8831956683154107,0.9574480745405972,fsrq,6.685752725428971e-08
4FGL J1647.0-4655,0,9652,0.6156011472084616,2.737032030006126,bll,0.00025762629108100457
4FGL J0015.7-1937,1,5037,6.754106420279142,11.434397328601216,bll,2.885330138316623e-07
4FGL J1047.6+5353,0,4607,0.13608938943078117,2.353924985063536,psr,2.1158953931480218e-05
4FGL J0141.8+4241,0,2609,1.9081718706651836,3.4171724352695856,bcu,1.220488557006351e-06
4FGL J2244.4-2018,0,8663,0.2385031347410472,1.4943159439343385,bll,3.298959712653068e-05
4FGL J2147.6+8440,0,8452,2.4105452180012534,0.9755441001210502,unid,0.0022384444423792006
4FGL J1545.7+5109,0,8968,5.588701441237154,2.233697626556964,fsrq,1.0550543456367618e-05
4FGL J0338.0-8932,0,2517,17.592245782868325,2.4692459785405014,unid,1.4089833775445436e-05
4FGL J0503.2+0222,0,5476,17.34029717910074,4.277944470377816,fsrq,0.0001330025887850248
4FGL J1015.5+1820,0,1298,1.3709697146623452,2.672772723780196,bcu,0.0008902652743643729
4FGL J0615.6+3740,0,3034,0.38818329977332655,4.441045966070745,psr,4.082897289949099e-06
4FGL J0629.5-6022,0,10003,5.348546038158417,0.2313095866999998,fsrq,9.180006145452458e-05
4FGL J2012.6+4058,0,8474,0.9712863360113342,1.4950633980467303,bll,1.3342876194481421e-05
4FGL J0927.3+1802,0,2708,299.08462496070445,2.309626021028675,psr,8.161490092663428e-06
4FGL J2147.6+3937,0,9603,5.639421084619926,2.7119328009521935,fsrq,9.762054710530116e-05
4FGL J2124.3+6917,0,901,0.06862211127858067,2.885858133119981,unid,0.0006632292703725573
4FGL J0735.7+5946,0,4114,2.906333920428464,4.262152087845595,fsrq,1.4940658871619638e-06
4FGL J0458.1-3842,0,4180,0.16439580950444893,3.63789661067472,fsrq,9.88389434453661e-05
4FGL J0257.7+4201,0,6186,0.09588284369991891,4.160812268645592,fsrq,0.0002503876718671277
4FGL J0537.7+8916,0,1257,22.521823569474133,4.113239635969447,bll,3.019384829264999e-07
4FGL J0828.3-4442,0,496,10.747743926172113,1.580023614331969,bll,1.4408349929586933e-05
4FGL J2218.7+2805,0,1890,20.448072822046367,1.9070440495156171,bll,3.253316503781106e-05
4FGL J0841.2-5304,0,2286,0.96583563158644,2.1933584840152442,psr,9.133364582409793e-06
4FGL J0105.4+0943,0,5960,0.9321966603350675,2.2721115957977056,psr,8.296924736546291e-07
4FGL J2045.5+8746,0,11612,42.35466613292106,4.898671673869298,bll,1.6500173421255863e-06
4FGL J1516.1-8633,0,793,2.2582425832996442,1.656041511642608,bll,0.0011163501017101565
4FGL J0509.3-2112,0,9275,4.751868778892514,0.4151937890509322,bll,4.9100700802339195e-05
4FGL J0350.5+7501,1,3021,4.901966220897205,4.443251557543283,psr,6.335124535643022e-05
4FGL J0933.4-4245,0,15248,164.04813729603333,0.45625829559524045,bll,1.4031539970205466e-05
4FGL J1600.9-3338,0,3879,7.975061561327497,0.5306270928245121,bcu,5.7619685706172634e-05
4FGL J0436.3+6234,0,2283,15.832287171442587,1.2360255946531662,other,0.00015247540811447899
4FGL J0149.4+0821,0,2231,13.834907212301014,0.8931443837714975,fsrq,3.363690793996007e-05
4FGL J2018.4+2343,0,9340,124.60019386213743,4.015378211688724,fsrq,9.144102178662418e-06
4FGL J1047.9+7954,0,7573,0.5067755021305738,4.055813019395661,bll,0.0035440598327994574
4FGL J1613.3-5000,0,5251,22.692888558977916,1.4688093651369316,bll,0.005125191155878753
4FGL J1959.2-7940,0,4890,4.466350770037711,3.1519886563741344,unid,0.0005510312081135589
4FGL J0728.5+3948,0,3379,25.241684364919994,0.0763241982301488,bll,1.9190324092550042e-08
4FGL J2144.3-0823,0,8118,11.722284110240915,0.45741478964823556,fsrq,3.2645932248072567e-06
4FGL J1652.4-2316,0,693,43.31483308188247,0.7425871212855872,fsrq,1.1417639390204542e-05
4FGL J0614.8-4842,0,2960,2.415914374379718,4.779350216342598,psr,7.276573868698617e-06
4FGL J1428.9-4820,0,7972,6.017043349873057,4.141063789432971,bll,3.047359379955584e-06
4FGL J2030.7+2909,0,3890,128.45511060502957,3.201254574761381,unid,2.1329050618346006e-06
4FGL J0447.4-5957,0,5887,0.25969567265431936,1.8573166966723575,fsrq,5.336140297293998e-06
4FGL J1141.9+1101,0,3827,0.1859988167315896,0.31580264082069653,unid,1.0126668099625882e-06
4FGL J1136.5+6314,0,7264,0.04208576507507864,4.029850643354769,bll,2.1189668285500013e-06
4FGL J1923.7-5910,0,3037,10.56380149271539,2.4033505615253836,fsrq,1.709036239819651e-05
4FGL J1136.5-8013,0,2189,1.0613863786898572,2.459379797304119,bll,1.0013740816490887e-06
4FGL J0929.2+2552,0,3546,3.799726997385685,4.8231142780850895,fsrq,1.411539240809943e-05
4FGL J0705.7-4953,0,4246,1.8760092192476256,3.8393046156292767,bll,8.934499611215329e-06
4FGL J2112.7-0823,0,6433,5.678131947933681,2.528711491777222,psr,2.9495668654740527e-06
4FGL J1156.1-0319,0,6382,2.4701191543065333,3.1900161760812407,bcu,3.4603610281081306e-05
4FGL J1011.1-0537,0,4681,0.1934299211563097,1.9503303287381413,unid,1.6234969761505252e-06
4FGL J1206.8-4442,0,6495,2.6760484479787485,2.76713850393534,bll,1.616276489320544e-06
4FGL J2232.8-7716,0,6440,14.201964407110724,1.462702142407849,bcu,0.0004704672664246007
4FGL J1941.0+7953,0,4368,2.94073675351339,2.085266018514603,bcu,1.1096369084306233e-06
4FGL J1222.2+4449,0,3406,2.779125631217904,0.6911604339266858,fsrq,8.557062933711772e-07
4FGL J0005.1-5954,0,3327,0.07203482833269419,2.3782751546245855,fsrq,0.0033596390657846358
4FGL J0512.7+5825,0,7168,7.09936662705624,3.396235006621373,bll,2.787026302567177e-07
4FGL J0401.1+4143,0,5023,0.5096910570529687,0.8455195021032574,bll,2.4956527440614418e-05
4FGL J0044.4-0645,0,8355,16.85295419066499,3.109122822952079,fsrq,0.0046399010461710185
4FGL J1537.7+8205,0,4238,13.077557461456427,1.4569219301036607,psr,0.004109007213349502
4FGL J2043.2-1221,0,4580,2.029070844001929,0.9443469140777433,bll,4.291316049531792e-06
4FGL J1528.9+6156,0,6591,3.716102300174889,3.046518594782537,fsrq,0.00035538634894304147
4FGL J0642.0-3637,0,8067,107.74354074295495,0.49965938527204823,psr,0.000626863092426542
4FGL J0404.5+5952,0,4753,3.897671095020917,3.370006855349268,fsrq,5.3310784858899995e-05
4FGL J2053.7+7425,0,1817,12.978980858215897,4.271729913913577,bcu,5.2300722196840014e-05
4FGL J1650.6-3800,0,5607,2.580979709267367,4.7455622844412355,other,2.3495332084167562e-07
4FGL J1056.5+5316,0,1139,0.8673441682913076,1.1875806029703007,fsrq,6.402690434384204e-05
4FGL J0747.4+5937,1,8957,23.426946529848532,13.791003683778776,bcu,3.811717484136819e-07
4FGL J0142.4+2039,0,2019,15.789423893980965,0.12710342589762447,bll,1.9579855641551572e-05
4FGL J1146.1+5225,1,7844,2.000186663715673,3.4054698113789836,fsrq,4.450491424071033e-06
4FGL J1054.5-4315,0,7221,0.39938587241181644,3.714107507924329,bll,2.7271319205581857e-06
4FGL J0748.0-2754,0,1740,0.5620822192319034,4.607168145122267,fsrq,0.0002152070069178341
4FGL J0709.1-2205,0,7921,1.9444591238434141,2.6537530119407116,fsrq,3.3431814728293246e-06
4FGL J1202.2-8131,0,6680,1.4705126979850238,1.5953748616036312,psr,7.480887126953589e-06
4FGL J0652.5+1026,0,14194,126.96683620919168,4.325312649921802,fsrq,6.588437088086372e-06
4FGL J0306.9-1043,0,7449,1.7379747510954147,0.691377638389043,unid,4.786643724157355e-06
4FGL J2208.1+4014,0,4841,0.871632971037206,4.113181357786103,bll,0.00015758702371319994
4FGL J0059.3+6234,0,4351,0.10039585980404132,1.5240657232256622,bll,7.357371894899203e-06
4FGL J1438.5+0441,0,9020,23.146550390498895,4.2949319551605845,other,1.7104143246316797e-06
4FGL J1837.6-6559,0,3840,2.9257526452090614,3.6033222725393115,fsrq,0.0010059139898309474
4FGL J0507.5+5733,0,3735,0.029878758721813472,4.538409726095767,bll,6.345182066987807e-06
4FGL J1215.0+4413,0,910,4.8056121652399035,4.1851106532416535,bll,1.1451585346183471e-05
4FGL J0509.4+3727,0,1502,8.121123811230929,0.3331399920518735,other,5.224986270262791e-06
4FGL J0656.5+1641,0,8603,0.2939370110387747,4.48754417554177,unid,5.857854509096589e-07
4FGL J2211.8+2131,0,10250,10.348647770403055,3.081352446045958,unid,0.00023556400206363118
4FGL J1212.3-8312,0,11603,68.05636518828094,4.681713766991139,psr,4.851488105062425e-07
4FGL J0712.3-6153,0,3349,5.317624384091308,0.8381078192029223,bll,2.2906253396312627e-07
4FGL J1412.7-6513,0,4998,15.19584453648594,0.19725976461345718,bll,6.184525596519824e-07
4FGL J1651.5-6507,0,399,66.00351923593014,1.137454454345312,fsrq,0.00025017963167054335
4FGL J0646.6-8451,0,6863,0.6489795998281452,4.486216625958209,unid,6.949287564059934e-07
4FGL J0524.4+8309,0,16243,273.3307721205762,4.657110970431097,bll,2.950448023911777e-05
4FGL J1924.4-8807,0,9570,0.23141689722821612,3.3388861322288066,bll,0.00012410975890907739
4FGL J0557.0+8925,0,5465,21.20658504704559,4.362327616292695,psr,2.1128950295520078e-06
4FGL J1713.5-8322,0,8480,4.083170611925395,4.875344612993585,unid,5.684361101306049e-05
4FGL J0325.2+0116,0,2641,1.871738909936585,4.310420429201157,unid,7.623142988303873e-06
4FGL J0110.5-2259,0,2707,114.21277302023874,4.324969865147673,fsrq,1.6809994067514659e-06
4FGL J1035.5-1557,0,3695,11.356157658430845,0.7700816268718313,bll,8.732761374039183e-05
4FGL J0618.7+4946,0,9251,3.0688640709110704,1.6337053123868561,fsrq,4.513038772102108e-07
4FGL J0714.4+3703,0,8720,29.402461262686725,2.91276918520997,bll,0.00013352086066466257
4FGL J0808.5+6214,0,6716,12.340795641451454,4.22709600850385,bll,0.00010194834594796502
4FGL J0307.1-0800,0,9338,14.561779656657178,3.741594005612454,unid,9.244386002593902e-07
4FGL J2121.7-1117,0,3762,0.855512684827436,1.8201373460728316,unid,0.00010021067937507703
4FGL J2117.8+7518,2,576,0.4436038752888576,89.14843311270828,fsrq,0.009593711761988432
4FGL J0858.0-8548,0,8495,0.3074291863365866,1.542832487944585,other,4.230561462340004e-06
4FGL J0418.0+3334,0,6685,1.7547120894708792,1.583735916287175,psr,2.783415298736387e-06
4FGL J0700.8-6706,0,6089,0.3632714721754634,0.7265822816831302,psr,1.4439498886996049e-05
4FGL J1134.3-0514,0,7923,24.639438805220937,3.6121671151120656,bll,1.6908001211772986e-05
4FGL J1252.1-1941,0,4172,1.6293711115169127,0.5337816524720657,psr,2.146056026602462e-05
4FGL J1745.6+0846,0,13679,337.02344448128594,2.376232632936002,unid,0.0002583032466279364
4FGL J2133.7-7524,0,969,4.289546530194218,4.847632616620034,bll,2.5030854416813897e-05
4FGL J1823.3+4122,0,4796,0.2611396674032071,2.0726041469509053,psr,0.0013344044024128658
4FGL J1501.3+8130,0,5886,2.5410732807841714,4.36474365204501,unid,0.00032756877104283394
4FGL J1737.6+7321,0,9255,0.4542396416967564,0.013340840046431324,unid,7.955631719161657e-06
4FGL J0746.6+3618,0,5967,0.4731968906870044,1.5739281185847898,bll,2.158209762783383e-05
4FGL J0618.5-4311,0,5883,21.129021094691723,0.344936541293403,unid,5.265359494776083e-07
4FGL J1136.7-7831,0,8156,17.671088160862517,2.6967410242043988,unid,3.2246935328040594e-05
4FGL J1644.2+7513,0,215,5.474152531897952,0.2985545243819532,other,6.089263322425334e-05
4FGL J2331.0+6922,0,993,12.914371149627877,3.1001580383911738,bll,7.794089402093847e-05
4FGL J2038.7+0723,0,7657,23.56389974918922,3.722073570177837,psr,1.9907972487600957e-05
4FGL J1757.7+0527,0,224,23.19274675903613,3.182353542750485,fsrq,4.923527094143319e-06
4FGL J0827.4-7637,0,6410,31.890221640056822,3.589339255656318,unid,6.348299244156893e-06
4FGL J0808.0-4053,0,1257,0.8772164352144266,0.19447906123413072,psr,5.870485332483994e-07
4FGL J2231.9+1539,0,9455,26.743011440823306,3.6560690999814054,bcu,3.947603758017969e-05
4FGL J0917.2-2102,0,3704,8.281950220196984,4.608637102655329,unid,1.4693731424577846e-05
4FGL J0655.3-4005,0,6358,0.8303638313626502,2.44353084195801,unid,5.0654822508499635e-06
4FGL J1223.2+7242,0,4519,185.44273767927342,4.709524864191645,fsrq,3.328795347078202e-05
4FGL J2150.0-3802,0,8481,3.585624896873794,4.4801418266249655,fsrq,4.800583430723702e-05
4FGL J1928.8+2822,0,8429,14.110158327026404,2.7301229666037514,fsrq,1.2033954685636011e-05
4FGL J1905.2+3331,0,6118,4.611597949643052,3.540736672992786,psr,0.0001628568456805423
4FGL J1436.4+8307,0,3210,51.09510568581822,4.348842840069629,fsrq,3.6255563331328583e-06
4FGL J0434.3+5113,0,6981,71.5142674248199,4.80733729525505,bll,0.0005114957331329807
4FGL J0323.9-3845,0,4243,0.06216408937332758,4.644733677863116,unid,1.0218790913926697e-05
4FGL J1240.1+5616,0,895,0.10805620402790037,4.434935347616599,bll,0.00024871916541270545
4FGL J0033.1-1627,0,2187,4.382598305972342,2.0137680937372098,bll,1.1623160980632584e-06
4FGL J1720.3+7617,0,3301,0.6053072558465385,2.1899887394777706,bll,0.00022107128783048355
4FGL J1242.2-2415,0,2319,2.546788703961829,4.933982970899484,bll,5.805846844495371e-06
4FGL J0722.2+0337,0,11139,32.63371997110095,1.5009609215283222,psr,0.00023477134898164175
4FGL J0400.7+1224,0,10563,212.33873421354554,4.433671959729522,bcu,7.660080878093535e-05
4FGL J0645.0+8632,0,11243,246.8868483646368,1.7501945069297649,fsrq,2.232386984938018e-06
4FGL J1620.3-0203,0,7110,13.841447478332725,2.633727479024699,bll,0.0001725480631554684
4FGL J0522.9-6103,0,4584,92.62522117252847,4.283265079031561,fsrq,0.0011397130464121754
4FGL J0003.7+8423,0,3310,2.1409994701795743,1.9357769702699157,bcu,2.9654054031208995e-05
4FGL J0338.5-1433,1,976,19.692765370339277,5.9079577374448675,psr,0.00011779029206182952
4FGL J0547.6-1102,0,8977,104.83053096721048,1.7885838247121377,psr,0.001231728603059406
4FGL J1221.2-5008,0,5040,27.233310945835427,3.3555624918721794,bll,0.00037805851658169763
4FGL J2249.4-8232,0,7112,24.342530399669005,3.8626739806331574,bll,1.9799141156599364e-06
4FGL J2146.5+2906,2,10044,3.1037531329472383,69.66425918813843,fsrq,3.8785057644982736e-05
4FGL J0441.4+8157,0,5651,51.86037020916645,0.7812205712595838,unid,0.00010207723629635461
4FGL J0320.4+5257,0,7127,33.06810691161556,2.5513132311032463,fsrq,0.00023334700574318426
4FGL J1349.8-8900,0,1111,3.4714801767942656,1.6805424461057155,fsrq,6.978308208173735e-07
4FGL J1607.8+2525,0,7287,5.330357453045005,1.648560877071018,fsrq,7.979723176805338e-05
4FGL J1416.7-1811,0,3365,11.621608113486255,1.5389637777396237,bll,3.371324682932786e-05
4FGL J1822.6+5228,0,1410,5.521747926974878,0.45707188384845554,bll,0.00016126604702175045
4FGL J1556.2+6151,0,2700,2.1658745874317558,2.7574514767566844,fsrq,2.900629990350537e-05
4FGL J1749.9+1850,0,9732,0.39919859034196775,4.896190841599922,bcu,8.538474168700268e-06
4FGL J0046.3+5549,0,8220,9.958011805643478,0.07707583038269628,psr,2.2238423440309083e-06
4FGL J0255.9+6534,0,2302,14.635285874395572,1.6795692255334478,bll,6.933473103741879e-05
4FGL J2240.9-4044,0,2016,0.1664362157751778,2.68539770398795,psr,3.6602575638256255e-07
4FGL J1833.0-8652,0,5123,70.92430466996467,3.895520936693233,psr,2.2581865573890225e-05
4FGL J2255.3+0237,0,6167,3.0157626186419177,4.477600601904131,unid,0.00043141653443328084
4FGL J0353.4-2100,0,8135,20.606722945831944,2.45059618063391,bll,1.9569437530090177e-05
4FGL J1220.7-8144,0,9545,6.499141665090902,2.5262769512545513,bll,2.675550149017073e-05
4FGL J0111.4+7120,0,13508,240.98418952113278,3.738883191360504,fsrq,2.1879297368076857e-05
4FGL J1305.9-0609,0,8423,0.8212604008664228,3.065069805259859,bll,1.8974915666334905e-05
4FGL J1432.3-6804,0,4014,11.832761390890317,4.372882383591003,bll,1.8072045551825573e-06
4FGL J0142.5+5802,0,4879,6.368394678209573,2.096949189841947,bll,1.8840003309920987e-05
4FGL J1644.5+5755,0,2603,13.217676174462408,1.6183139051790012,fsrq,3.1492758273621e-07
4FGL J2149.6+6757,0,4439,6.730457953046326,2.783119591199679,bll,3.0178842459540173e-06
4FGL J2351.2-4220,0,4591,13.358835755294596,0.30896905370010386,fsrq,0.01115281093237521
4FGL J1642.5+5427,0,8737,0.13207404689519428,1.9761282536123321,fsrq,2.0193937537585163e-07
4FGL J1758.4+8555,0,2920,1.5439243625859265,3.367104001234353,bll,2.154038381943776e-06
4FGL J2044.8+6420,0,3011,0.5550731596529148,4.605792469670583,bll,1.3230178491358065e-05
4FGL J0947.4-1431,0,3310,1.731512369513754,3.8177561702969265,unid,1.3423217908803688e-05
4FGL J0322.7+0829,0,9163,0.8148622095399725,0.8741964465778662,psr,4.825194824329276e-05
4FGL J1735.1-4633,0,8416,0.1592264741170402,4.722439399226218,bll,1.429499337255357e-05
4FGL J0934.0-7246,0,1816,2.913116360077271,4.333934432448788,fsrq,0.0002941996664489472
4FGL J2314.0+4336,0,9301,3.1784036452340394,0.7013360672958446,fsrq,1.1575966817745519e-05
4FGL J0227.8+4613,0,4121,4.612051848140427,4.10770191098308,bll,5.377232826179122e-05
4FGL J1109.3-3358,0,9467,1.176408484983214,3.807707740380545,bcu,5.253703590246141e-06
4FGL J0355.6+1117,0,7311,0.5398498155871769,1.037296007399392,fsrq,3.6089067924944965e-05
4FGL J0558.4-8919,0,8229,4.731620273408016,3.598275366390571,bll,0.0008753615037644818
4FGL J2254.9+4120,0,8638,6.512132304486677,3.078962760506927,bcu,4.237823834648434e-07
4FGL J1206.9+1600,0,7836,0.2660286650578119,4.606240741638473,bll,3.375212247912469e-06
4FGL J0937.3-1658,0,8513,33.68122564777671,1.8299345050140352,fsrq,0.00043100804939874955
4FGL J2020.7-4426,0,9075,12.18524336325545,2.1780324874048294,fsrq,3.83805336085208e-05
4FGL J1733.1-0324,0,2685,8.340133936953132,1.6692103217169292,fsrq,1.0278481972014333e-06
4FGL J2006.5+8848,0,3126,78.8858607782137,3.2820656711483647,bll,1.820138568907443e-06
4FGL J1208.2+1859,0,23836,577.015700179171,2.0213135753257654,fsrq,6.56876548474785e-06
4FGL J0431.7+8227,0,5885,0.06934486062974339,3.689556665758669,bll,0.0005006605129069941
4FGL J1157.6+2650,0,6080,3.89842461027628,0.49830412424756443,other,0.0011244291352494045
4FGL J1720.3+1132,1,9082,7.7471092229720915,12.47346106838602,bcu,0.00025513873144099395
4FGL J0407.8+7006,0,3012,5.205809266954926,4.861299008708554,fsrq,0.00014089973365252707
4FGL J2257.7+2847,0,5019,2.569625764215921,0.19902841611043665,psr,4.879183937702423e-05
4FGL J1042.6+3901,1,2363,0.47794881961395463,6.804166813810823,bll,1.0110763929660426e-06
4FGL J2324.0-5034,0,2561,74.13990301506006,4.547627796811648,psr,6.43928390966341e-06
4FGL J2252.7-1624,0,8805,4.295526147091345,2.441773101406002,bll,2.160829322605077e-06
4FGL J0541.6-1749,0,9950,95.28254187175084,0.42379736637660925,psr,1.1444459970865393e-06
4FGL J2047.7-4159,0,8514,0.03530311785061043,1.5598920082394923,psr,9.843171043267458e-07
4FGL J0041.2-2624,0,417,21.98882946897366,4.898069445494706,other,8.354690498527947e-06
4FGL J0721.6-4305,0,8760,50.41719011981044,0.7381798204013185,fsrq,3.0686614060282236e-07
4FGL J0240.4+0316,0,574,0.3555411783886055,1.2322993481875255,bll,9.977146477766163e-06
4FGL J0601.8+3942,0,9354,3.824173944434317,3.904979905140862,bll,1.1527157243317674e-05
4FGL J1825.9-6042,0,11606,186.46592790294932,4.208031158292522,bll,5.700584991182333e-05
4FGL J0226.0+3957,0,6794,80.5345934134144,4.908053278212164,psr,2.55252824451512e-07
4FGL J0508.9-5845,0,5565,0.06280789002890584,4.166108856857503,psr,3.0947849488436664e-07
4FGL J2200.1-3952,0,3899,0.3905608146472324,3.1513126404204033,fsrq,9.370883651372845e-07
4FGL J0004.1+8716,0,5407,4.087987893371731,3.5097425049025266,unid,1.131665477893133e-06
4FGL J1813.4-4227,0,3304,0.12957959800835195,1.7576402079844016,bll,3.931257765894936e-05
4FGL J0733.5+8515,0,7084,0.09646402310517108,2.686788746134386,fsrq,0.0001450186321313251
4FGL J2203.2-7218,0,8405,54.15605420590419,1.9345417884217453,bcu,0.0002203830790226466
4FGL J2055.3-5451,0,8857,2.144678324117812,1.7358341983714631,fsrq,4.683562162131702e-07
4FGL J1654.8+5838,0,6936,0.2102476922676142,3.440835587744594,psr,0.00011084363725538347
4FGL J0348.6+8658,0,10861,45.86743497018586,1.52221724495187,fsrq,7.881548580345674e-07
4FGL J1331.4+7300,0,7775,0.3185895250334344,0.21468077433858535,fsrq,1.054089378290325e-05
4FGL J0722.3+8318,0,8260,3.6289717506617354,4.7930427502221,fsrq,6.1399055569716956e-06
4FGL J1808.5+3541,0,8692,24.990302077380164,2.0244859821958223,unid,2.204448041032356e-06
4FGL J1629.2-8539,0,7753,2.9645139893232884,0.5329872491467502,bll,1.7996780744405638e-05
4FGL J1049.2-6749,0,1547,0.8844785631561737,4.155694822176913,fsrq,0.00015151696459239614
4FGL J1834.9-5905,0,8945,2.762966772504876,2.802658027477482,fsrq,1.1444936018236267e-06
4FGL J2007.7+0606,0,8140,14.856275109555277,0.5171758332438114,bll,2.6210695239502282e-05
4FGL J1010.0+8406,0,5032,4.157934583176853,3.8703085347305803,bll,5.231480701074569e-07
4FGL J1743.5-4722,0,4771,5.844537569060301,4.243138993604891,psr,2.575653002163954e-07
4FGL J2000.2-2939,0,5187,1.292287253598178,0.9078875419149463,unid,2.3961185935731156e-07
4FGL J0831.7-7822,0,2810,0.39205539569996684,2.044932518669172,bcu,4.4984130093647594e-05
4FGL J1257.0+5135,0,6257,39.687463203054016,0.11125175963165479,psr,2.787590520310694e-05
4FGL J1025.7+6942,0,5657,10.469865466130932,0.6714848219759334,unid,0.0002917527617995022
4FGL J1403.9+6015,0,9074,5.0444426066149575,0.08694371462716954,fsrq,6.180403264374106e-06
4FGL J0132.0+7609,0,3766,3.807650255648476,3.1478369758438585,bcu,0.00011800737063379286
4FGL J1527.9-7632,0,6862,2.1482160490465385,0.49011720291465943,bll,1.9210645447011415e-06
4FGL J1504.4+5344,0,7215,1.1476467895028726,3.515692716437404,fsrq,2.414690723057283e-05
4FGL J2359.9-8229,0,6275,12.988246908187875,4.596271232631557,fsrq,1.0133660526788997e-05
4FGL J1319.1+7006,0,4010,1.4439120938624705,0.5916203650156909,psr,0.00048741544150074996
4FGL J0350.5-6300,0,9849,14.673960784780748,2.5577809825965607,bcu,2.2843972987960824e-07
4FGL J2221.3-6229,0,10273,77.39336007836624,3.338780125992678,unid,9.408467911917724e-06
4FGL J1109.5+2327,0,1945,0.8728388186255774,1.0966409201545957,bll,2.2715721043916775e-05
4FGL J1705.9+6446,0,6491,0.046584972461270004,4.73761490275619,bll,9.795556017671462e-06
4FGL J0601.6-1942,0,6360,0.6553205435847831,2.6978781478103064,bll,2.7233543203686558e-06
4FGL J0836.7+2407,0,4539,0.5532667815827801,2.849518483234212,fsrq,2.4476995676165456e-05
4FGL J0238.6+7131,0,8762,73.33437512364877,2.018177631262523,bll,6.899875971657898e-07
4FGL J2338.6-0657,0,2990,15.327704388987284,3.83874045773217,fsrq,7.771822187824117e-07
4FGL J0349.3-3028,0,1537,16.20685507096027,0.4425952628153379,unid,0.00010120099981075137
4FGL J1414.3-6204,0,9626,1.9787399194330644,1.812316301149632,bll,0.00013669326635148694
4FGL J0920.0+4210,0,7455,0.22754583927637353,3.4807296246927057,unid,0.00021258440676219832
4FGL J0004.1+6835,0,5481,0.379495869504508,0.959820045615763,fsrq,7.51841146151055e-07
4FGL J0527.1+1140,0,678,2.290366919129291,4.686310223889202,fsrq,3.039809251229177e-05
4FGL J1154.6+5645,0,142,3.3209269074576255,2.008225886060209,bll,0.0002694119666682188
4FGL J2032.7+2852,0,9698,10.878750325958396,2.1374693599716013,fsrq,2.3531596765223662e-05
4FGL J0949.1-8248,0,1780,7.037162137543236,0.38293171930807446,bcu,2.4191464048826893e-06
4FGL J2040.2-1515,0,339,8.14491107816893,4.311526182883353,bll,0.009198390016190692
4FGL J1149.6-4956,0,9509,23.709857398359187,0.3863586313358852,fsrq,7.25842395832293e-05
4FGL J0853.8-8854,0,8169,0.11531532973196758,1.4502535614788759,other,3.063433406147768e-05
4FGL J0643.1+1936,0,9486,6.142887163679851,4.958990350228831,bll,8.805172909047559e-07
4FGL J2235.0+5535,0,6915,27.376748941618775,0.32732176073823005,fsrq,1.2859580887003316e-06
4FGL J0147.2+5009,0,8149,2.973737224786927,1.3229551738436456,bll,9.188095815524657e-05
4FGL J1643.9+0406,0,6251,35.99808365771794,1.3679213390718536,unid,0.0003628146896226694
4FGL J1551.1+2915,0,4346,19.271618338428237,2.01432869575052,bcu,1.425983308704193e-05
4FGL J0423.1+0724,0,9881,0.4437444424682037,2.320978112108155,fsrq,3.623618922794999e-05
4FGL J2332.1+4753,0,5976,1.502159001401363,2.7484212792661813,bll,1.3084899017516841e-05
4FGL J1040.2-8316,0,8543,18.02332513606179,4.613474919771836,fsrq,2.501686490610852e-06
4FGL J0144.3-1309,0,1779,32.20634506557859,4.184124472014991,fsrq,0.0008536259851012243
4FGL J0802.5+4706,0,6333,0.5951784630504559,3.664224683939707,fsrq,1.8093479089359355e-05
4FGL J0021.0+5347,0,2028,2.52373585920425,0.3426299379849407,unid,4.017475395027303e-05
4FGL J0001.1-3003,0,10587,54.27752814186361,2.292338050728619,bll,1.9430713124791816e-06
4FGL J1107.7-5125,0,1887,0.08391607090743226,3.7504203747433107,bll,1.8021576925136854e-05
4FGL J1517.3-3249,0,6004,4.060862994541695,1.642837092585604,bll,1.1627361568354522e-05
4FGL J0217.3-3901,0,8142,5.325303741331632,2.869137867919286,bll,3.018640960134655e-06
4FGL J0516.5+4848,1,8661,126.16822841679203,14.253451565505479,bll,0.001102469041867212
4FGL J1504.6-3346,0,8736,0.2548378429931571,3.84732997223858,psr,1.3691800033538247e-05
4FGL J0000.9+5924,0,8493,1.8526158040428253,4.827197800633871,fsrq,0.0002905096811795834
4FGL J0134.5+3022,0,4032,26.968607150312348,2.7633426809648864,bcu,3.3928023468640095e-05
4FGL J0436.1+0552,0,7521,17.72722226523767,1.9646865251390333,unid,3.238212760986076e-07
4FGL J0028.9+2939,0,2403,2.3014699449078284,1.6895071288753156,other,1.0281885249785463e-06
4FGL J2303.9+5300,0,9360,6.164372798247911,0.2847643364784058,bll,2.098253244753853e-05
4FGL J1114.1-1008,0,6944,63.3724480837174,1.5007993822298915,bll,6.817725821152081e-06
4FGL J0950.8-4020,0,9295,8.551299396281705,0.5494098486760052,bll,1.5148852536404783e-06
4FGL J1959.9-2535,0,8115,6.360426065491605,4.909643621750883,fsrq,5.181696425231517e-06
4FGL J1812.7-6557,0,6380,5.868614176806336,4.538196466547721,psr,0.00020399346377824782
4FGL J0058.1+7207,0,8766,2.5954784513110867,3.518767540807545,bll,0.0006377563242366136
4FGL J1951.0+6401,0,705,9.373011154365392,2.917647744329566,fsrq,1.7195364250583848e-05
4FGL J0514.5-8552,0,4231,2.030616104295898,2.4123772220891624,fsrq,2.1739016107358445e-05
4FGL J0500.8+3531,0,4256,4.4736549672367945,0.39009349500368273,unid,8.508864143569857e-05
4FGL J1442.3+2309,0,1588,0.8129118756000968,3.9133146344805403,fsrq,3.5894296739935017e-07
4FGL J2220.8+0823,0,4391,0.38214429977186665,1.6905788582978136,bll,8.47295049129852e-05
4FGL J0514.5-0739,0,4137,0.4387739705372574,4.809913100001698,fsrq,1.6548689297984335e-06
4FGL J1059.9+7610,0,9494,10.325934087942056,4.542231028452008,fsrq,1.2364862086594021e-06
4FGL J2042.8+3520,0,9885,0.1922500234482253,3.525106297484294,bll,0.0006195873282992298
4FGL J2337.3-8056,0,5773,0.4207213228799774,3.4869378078460764,bcu,3.6726802743583185e-06
4FGL J0251.3+6417,0,3142,11.913320173168012,4.226675610113212,fsrq,0.00023797119620257916
4FGL J1412.7+2001,0,2272,3.5688620252002146,0.12387063467191872,psr,1.7341376858747475e-05
4FGL J1614.6+1531,0,3513,1.7938534311339716,0.14432419729015378,fsrq,2.6549268595958727e-05
4FGL J0335.5-0400,0,5922,0.8953824997369791,2.5115095258222313,bll,0.0005863488396927424
4FGL J2044.6+4209,0,9028,0.5585504829843723,2.5963170724392217,fsrq,0.0020074401047056427
4FGL J1135.9-6023,0,6046,0.3861320077072148,1.4052718558690924,bll,9.534739350906999e-06
4FGL J2147.0+3413,0,1296,0.25356857247438513,2.5549839596717123,bll,2.3297584218549755e-05
4FGL J1832.5+3009,0,3270,5.1098085754469835,1.3427705310483973,fsrq,0.0007008809726675193
4FGL J1415.6+6211,0,7756,7.99810894684548,2.954999795429769,fsrq,4.733719883427537e-05
4FGL J1053.6+7441,0,9325,1.5265261985702205,0.8348894111450522,bll,0.000986448937119398
4FGL J0050.8+7831,0,6308,0.04953543387846215,3.9230206267223404,unid,2.7929940658890007e-05
4FGL J1448.1-3451,0,977,0.5840989130998866,4.228215601931602,bcu,1.2593455195255336e-05
4FGL J2238.4-3009,0,4876,27.86147147402077,0.48349192773168626,other,3.937139868925086e-06
4FGL J0857.4-2158,0,1004,0.7130493409852018,1.2555011185326725,bll,6.831506613913216e-05
4FGL J0132.7-3938,0,18093,1570.329029470463,0.12018848333204435,unid,1.7983660842741637e-05
4FGL J0015.3-4109,0,8087,3.0899555563931846,1.2824026318405295,fsrq,2.3680830405020175e-05
4FGL J1841.7+1656,0,3002,5.005855717149213,1.2667803122405341,fsrq,4.225430855202329e-06
4FGL J0255.3+2805,0,5107,973.2393216440809,1.622881678146837,fsrq,4.023320584600195e-06
4FGL J1909.8+2929,0,3765,7.598647790798573,3.8713337209385683,fsrq,7.556392772109569e-07
4FGL J2320.4-3506,0,6148,123.82125054192363,0.5159990595291802,fsrq,2.169032203378878e-05
4FGL J0420.0+5700,0,4016,7.164691000780725,0.662494781331433,unid,4.715695366410729e-06
4FGL J1014.0+3912,0,7927,5.164166634466583,3.31722196819483,bll,0.0005322358421424578
4FGL J1329.2-6529,0,2789,34.43339492251087,2.2542834130880447,bll,1.5790069621991755e-05
4FGL J1309.3-1715,0,6182,1.7064314436048182,4.375294820844714,psr,0.0006187097591889657
4FGL J1106.8-0022,0,1618,11.011189566529985,0.07308442158806994,bcu,2.26229532113415e-06
4FGL J1409.3+5736,0,2887,1.1375659600659842,1.1390514533806573,psr,4.0381635055290146e-07
4FGL J0338.0+1733,0,2653,12.91728044160828,3.6062704871486977,psr,1.577709148440265e-05
4FGL J1125.9+0704,0,6215,23.212353081502318,0.7057090073787181,fsrq,3.622316221696664e-05
4FGL J0632.0-5419,0,9684,6.745754716274979,0.9807039943049928,other,0.0005800098657781984
4FGL J0008.7-5117,0,646,2.48882667167036,1.3288682840871768,fsrq,0.007479954748531812
4FGL J0833.4-2815,0,7112,11.66800107921394,4.706108175476452,psr,0.00010773713947588312
4FGL J0914.1+8430,0,6396,0.6426555063304339,3.2163699690514798,fsrq,0.00011694053302530104
4FGL J1735.0+0308,0,1671,56.900820176879854,0.39234305872027364,fsrq,3.324520366588866e-05
4FGL J0444.6+7047,0,6505,1.6948687675240448,1.3561076019205909,psr,3.89558126449742e-06
4FGL J0509.8+0538,0,5723,4.445371191830261,3.1704402880705906,unid,1.583431790458351e-05
4FGL J0542.4-5732,0,5284,5.495355922362162,0.9134446745367092,bll,2.9730556574241585e-05
4FGL J1243.2-4632,0,4104,1.476472424533177,1.7151188639069515,fsrq,6.953617679948695e-05
4FGL J2318.6-0329,0,8878,14.308296057587862,1.4282933479144138,bll,0.00015094534138967926
4FGL J1639.0+7709,0,379,0.14414146694109906,2.2494792799404673,bcu,1.6174682839658035e-06
4FGL J1602.2-1722,0,3888,3.4119885733629145,3.7163912945859705,fsrq,5.262602157786954e-05
4FGL J2231.2+7518,0,5262,2.7955805696558422,2.0313740027979326,bll,4.906939881873072e-06
4FGL J0209.2-1936,0,5487,27.172992632900282,3.2742403119456394,bll,3.6186133590983768e-06
4FGL J1634.6-3016,0,1781,537.0142280167536,2.4470079263186344,bll,5.669292238149652e-06
4FGL J2346.0+6802,0,4917,50.91365767221445,1.5333698584403805,fsrq,0.0019347483241646147
4FGL J1406.3-3248,0,9688,3.1725673162086836,0.5536831225521016,bll,7.766807187097854e-06
4FGL J0524.0-1004,0,306,18.750457196757047,2.7262672313098517,psr,6.2489880276162034e-06
4FGL J2301.4-5728,0,7874,3.5233864154923205,4.215217183358517,psr,0.00019884175517860948
4FGL J2347.5+5139,0,5776,5.761034417451206,3.4220120103231935,bll,2.6924319904591796e-06
4FGL J1648.5-6240,0,3948,23.260760872426612,3.8404070352176856,fsrq,1.1185092243900537e-05
4FGL J0159.5+6958,0,6627,6.04910166043599,0.004286453441080251,other,2.466056354771525e-06
4FGL J1602.4-3721,0,7306,13.64585692071533,2.1983076618529527,other,7.730207025922818e-05
4FGL J0032.8-1045,0,1501,4.271693672843232,4.852776432377493,bll,1.287952244589969e-05
4FGL J2232.3-6031,0,6022,1.8423481753438917,1.792011193469083,bll,2.014967318964911e-06
4FGL J2324.7-6837,0,988,0.16103862599479674,3.2136677263515216,bll,0.0015195179124307076
4FGL J0925.1+6754,0,2253,3.6588255708557393,4.673026940386266,psr,0.00028829316149276253
4FGL J1801.7+4423,0,4715,81.34157113178506,4.654038269264919,bll,7.772935757163243e-05
4FGL J1212.7-7600,0,4279,37.13082486504261,0.5259414243948585,bll,9.523381100146757e-07
4FGL J0341.2+4340,1,3938,4.867856340764437,12.1444615606689,fsrq,6.688190621981514e-05
4FGL J1901.3+5924,0,7676,17.017712737030323,3.080440595649141,unid,2.688329405542829e-06
4FGL J0059.7+6321,0,47332,2248.8069582203925,1.210199963880233,psr,5.873371447933901e-06
4FGL J1710.3+0815,0,5819,0.5230823141181689,2.8309554369870344,bll,0.0004646894470605485
4FGL J0715.3+6628,0,8699,2.0755206945169307,1.0735936377144606,fsrq,9.581235834147862e-07
4FGL J0030.6-8331,0,8487,7.124883812820974,4.931648272756698,bll,8.096772461364013e-05
4FGL J2006.4+8507,0,8941,2.512133286115755,4.260349189142785,fsrq,5.8731062596140615e-08
4FGL J2251.6-4047,0,7722,3.2528724379855625,3.2612825888677204,fsrq,5.5898656383799135e-06
4FGL J1755.4+1811,0,8005,1.203118375346643,3.68961968739425,unid,6.609364335746924e-07
4FGL J1110.4+2852,0,2310,2.886327987822089,3.0405059342604583,bcu,0.00010606107373707383
4FGL J0335.2-6039,0,8544,9.352457442925688,4.229840723273205,bll,0.00020939236639547045
4FGL J1629.4+1845,0,3194,5.4884964850323685,3.3036768381236588,bll,5.222247175127037e-06
4FGL J0830.1-5057,0,8231,2.5090305247983102,0.3873903298186526,psr,6.96755026507404e-06
4FGL J2115.1+0408,0,12137,48.79107059605059,0.1275677443238482,unid,7.253683715360997e-07
4FGL J0543.2-4628,0,575,96.47781228209756,1.5765245009950157,bll,7.176349958625421e-05
4FGL J1030.7-4726,0,10064,3.5124323594484936,2.1668930496746097,fsrq,0.00010362470876313051
4FGL J0835.8-8528,0,10511,21.304961271971763,1.3928135672486774,fsrq,3.537109325281551e-05
4FGL J1128.7+1930,0,6900,3.4564937691874995,1.2152872030235395,fsrq,1.4803772701599992e-06
4FGL J0330.6+3459,0,6843,2.7499147732386815,2.4566780958711525,psr,1.3561445583152226e-06
4FGL J1206.6-5050,0,8264,104.358069829833,0.9711837900332454,fsrq,5.591706651192171e-05
4FGL J2344.0-4349,0,460,12.257996587493217,2.2375034880872557,bcu,3.322306123575969e-05
4FGL J0714.5+6227,0,604,4.979634170017132,4.4076764900584084,fsrq,1.025458339114938e-06
4FGL J0422.3+4304,0,3979,0.5307722725721096,2.7637591661756304,psr,1.0510624365731187e-06
4FGL J0448.4-4420,0,1573,0.4130624325055232,0.02186839550489761,other,1.5672475474140896e-05
4FGL J1500.9-0647,0,3211,106.93575812958977,4.144312865837759,unid,1.837005369624927e-05
4FGL J1138.7+3812,0,7463,0.09760166321956719,3.729473694415759,fsrq,5.691857164463376e-05
4FGL J1558.1-7444,0,971,46.77103593397871,2.976788899069869,bll,2.6046944185059142e-06
4FGL J0410.7+7631,0,9052,2.041409226933835,1.9229189643010907,fsrq,0.0005819578876785098
4FGL J0443.2+4314,0,7797,8.528203589132172,3.2137301731680648,bll,1.0819667479151862e-06
4FGL J1712.9-7328,0,7810,4.679790112592075,1.104566013982999,fsrq,0.0006317765288009505
4FGL J2238.2+4515,0,6954,13.751631638029796,0.1296294714964541,psr,2.3648958346445012e-05
4FGL J0430.3+3330,0,7454,52.73582462549387,3.178255355794694,psr,8.177092259312924e-05
4FGL J1320.9+5626,0,382,12.574999246315588,4.127703457536772,bll,1.2259434276033573e-06
4FGL J0839.0+2906,1,8434,10.249744264093938,12.436367239228959,bll,0.00019850663498709734
4FGL J2321.3-5445,0,3275,0.5614236881373783,4.307461898593125,unid,0.00031198076822119635
4FGL J2051.8-8918,0,3351,39.48340695404186,2.330328921593678,fsrq,1.2585529472596135e-06
4FGL J0443.2+0852,0,8658,44.96427807397306,3.054638113940144,unid,2.965878875012469e-06
4FGL J1620.8-8944,0,427,3.6966567752698385,2.2294397771097834,fsrq,4.0039982901188846e-05
4FGL J1424.3-5131,0,2532,4.917336960787343,4.6617594895062195,other,6.028430623305573e-07
4FGL J1652.3+3043,0,9219,10.810961260136814,0.25053514969984203,fsrq,0.0010375401287591847
4FGL J0206.7+6039,0,4470,0.3759661945279627,3.3003300081674993,other,1.2264549787724295e-05
4FGL J1833.9-2654,1,3339,42.53485034515404,5.8126634426074375,bll,0.00037545543195699276
4FGL J1413.2+3307,0,4858,2.9603643350528994,4.989489263771085,fsrq,4.8566545821993e-06
4FGL J1104.7+4019,0,8434,10.425840463033731,1.456762023621948,fsrq,1.2012301895374631e-06
4FGL J1546.5-7028,0,5208,31.483109693278283,4.315129805600879,unid,5.311857644295407e-05
4FGL J0726.5+0348,1,1411,4.2979756267571885,9.930419099326159,bll,5.574294974472671e-05
4FGL J2146.7-4010,0,5024,0.006001175543699374,2.1851203804933643,fsrq,1.1439854862478838e-05
4FGL J1545.3+1611,0,7187,0.30422937556044405,4.8755725352286285,unid,0.0002502884725281311
4FGL J0101.9-4610,0,4627,385.37842707678755,3.445371670749253,bll,4.5493105538546386e-07
4FGL J2003.8-0853,0,14896,128.61065063190276,0.3714926911796712,bcu,3.246278147353778e-07
4FGL J1455.6+7409,0,7267,5.9561584942132955,0.5747635865873651,bll,2.883816520020899e-05
4FGL J0802.5-7824,0,7844,9.336874059661037,2.878809418581156,unid,1.767295698914855e-05
4FGL J1848.1-3528,0,5849,0.3873409303807156,3.6672074690532908,bll,5.606063802511667e-07
4FGL J1834.4+3607,0,3838,8.385269185680391,1.5334863519349913,unid,9.399299814183268e-07
4FGL J1451.3+2808,0,4498,9.256085721244727,1.7128401230573957,bcu,4.486964642036918e-06
4FGL J0933.6-1302,0,8458,12.887051449566584,4.479653490402285,bll,2.353016481024364e-05
4FGL J2123.2-4040,0,6124,0.6823957730392539,2.5165130214861895,bll,9.704196053841177e-05
4FGL J1619.2+2530,0,4598,7.475032780757333,2.8662978513214155,psr,7.969465746393074e-05
4FGL J1753.5-2540,0,9107,5.7533056185281914,3.836788305213727,fsrq,3.019306217969353e-06
4FGL J1830.0-0953,0,10342,10.483813863679616,2.992921297314913,unid,1.7495341224679454e-05
4FGL J0131.7-4041,0,8404,3.322236179269033,3.6798743550241393,fsrq,1.5963309232497108e-05
4FGL J0538.0+2311,0,5889,18.868753987117874,4.951630472634328,psr,0.0001891370611787068
4FGL J1955.4+3750,0,6105,0.6019748632767977,3.503061118191582,fsrq,2.820877376201284e-05
4FGL J1145.4-6330,1,10187,23.24094504015119,12.142137705404819,fsrq,3.951198055723135e-08
4FGL J0308.6-4836,0,18173,633.0995025875318,2.356301054408667,bll,0.00023537819898828517
4FGL J1317.4-6351,0,9306,17.61243467627688,2.3019043771298877,psr,2.5043029917199012e-05
4FGL J1411.4-1804,0,9517,1.449135339096554,3.5463104688975005,fsrq,0.00012144613754929298
4FGL J1218.1-1557,0,1567,1.2857677963567202,2.5441072424549747,unid,3.278210875206922e-05
4FGL J1342.0+7028,0,3994,81.09802955512842,2.164735605977011,fsrq,1.5734144144296304e-05
4FGL J0729.4-1328,0,1155,0.8013202120819444,1.9346977051687726,fsrq,6.812306725814974e-05
4FGL J0211.8+6030,0,11730,201.04553353483743,2.487183267615081,psr,4.53936962201809e-06
4FGL J1949.6+0447,0,10321,13.004068483307652,4.255985437393808,bll,1.64570663802605e-05
4FGL J1108.3-7619,0,686,3.794826454609159,4.394775556460118,bll,0.0006382060206441204
4FGL J0021.0+6757,0,6353,0.30300770346725336,2.9810398128293514,bll,2.969411034806618e-06
4FGL J0104.6+6145,0,5445,3.3213740324593517,4.502577462315683,fsrq,5.8409633666946855e-06
4FGL J1519.6-2712,0,274,20.440380595864507,3.6492254435595113,psr,0.00013423399931702693
4FGL J1011.3-2513,1,9272,4.609509602148896,7.874037191486817,bll,0.0005809921299598092
4FGL J1514.5-5635,0,3868,6.9508293160243575,3.4300836798997745,fsrq,0.00019771484573299867
4FGL J0313.5-8307,0,7697,5.789787543416261,0.4223609828113595,psr,8.588590611821811e-07
4FGL J0108.4+7546,0,2393,6.372272637991458,1.2983772779447462,fsrq,3.8631593970029843e-07
4FGL J2100.4+5731,0,2001,2.60376503138518,0.0748987373585086,bll,0.00013893846628505762
4FGL J2306.4+4518,0,266,1.1502449879846268,2.481299890209194,fsrq,0.00027221370281189526
4FGL J1634.6-0434,0,6693,0.043969125265677415,3.676726609071011,bll,2.9340887634774157e-06
4FGL J2349.8+0000,0,1118,0.682582482813709,1.4104653840781967,bll,1.3571073301281136e-05
4FGL J2111.2-8208,0,9525,9.436902461189955,1.4701486907755217,fsrq,1.4006057855188328e-06
4FGL J0706.7-2617,0,7463,9.457781195175556,0.7985438107108356,fsrq,1.3558516553208383e-07
4FGL J1427.6+5604,0,6443,22.280257323061623,4.931249282359421,other,1.364122019490149e-06
4FGL J1203.5-6324,0,3597,0.8001866105354329,1.5791574757652853,fsrq,6.295541790773265e-06
4FGL J0701.4+4127,0,5408,0.37167216026211064,4.563461867222079,bll,2.038187685312498e-05
4FGL J0306.3-7417,0,308,3.2761656519832942,3.9163209939488794,bll,2.948244633343975e-05
4FGL J0155.0-7253,0,1494,6.196450866842722,3.1122593724517262,bll,8.26545035454114e-06
4FGL J1233.7+7146,1,682,6.601993794378275,10.96784234240419,bll,1.0747349824485468e-06
4FGL J0846.6+5835,0,8130,0.17238899175538794,0.1423561293841058,bcu,7.718386685895063e-06
4FGL J1213.2-8947,0,8643,10.664047014100921,2.3301705975001847,fsrq,3.5520163963405236e-05
4FGL J0650.5-8644,0,2306,42.34874315845914,0.8169072823227524,psr,2.898206489272426e-07
4FGL J1847.2-7728,0,9214,1.8688899225658433,3.7185308099167917,fsrq,9.012994384959654e-06
4FGL J0806.3+2207,0,6787,3.969135009106826,2.5053516035363854,bcu,1.887109791887309e-05
4FGL J0950.7+7232,0,5768,2.535571591313463,2.759475697495729,fsrq,2.5671054314637473e-05
4FGL J0337.3-4030,0,2321,1.212831247148731,2.122763264367456,bll,5.1201618691258666e-05
4FGL J1527.4+8812,0,5782,32.98907291996689,1.5022268977501123,unid,0.0001577914686465598
4FGL J2041.9+6320,0,4377,2.2590729394985254,0.12417203740007154,bll,3.503154606614429e-05
4FGL J0059.5-4842,0,7490,1.5227933882760174,0.5504765263094319,bcu,2.3843764212068426e-05
4FGL J2211.0+8420,0,10270,78.53143327159916,0.17425680819793232,bcu,4.6641983848347345e-07
4FGL J1552.3+4633,0,4337,25.46874591599702,3.7400182448443453,bll,5.5642984947364325e-06
4FGL J1730.0-8134,1,6310,0.5282378716006076,5.207741971330906,fsrq,0.0006220510118064672
4FGL J0851.8-4524,0,4502,9.407993638839743,2.919591892711575,fsrq,0.0003971615898807172
4FGL J0552.3+8213,0,6282,0.4930395625558981,2.917482674821792,fsrq,2.135800642935507e-08
4FGL J1214.5+4840,0,2676,0.769511310995509,3.835572805899996,fsrq,1.579863093424748e-07
4FGL J1407.8-3630,0,7283,1.2896195480639698,2.2966674780557867,bcu,2.582852833572087e-05
4FGL J1908.4-7714,0,5698,4.835498436980667,1.4637491259350321,other,4.796996039453921e-06
4FGL J1645.4+1620,0,9017,0.23686794536150174,3.9072444485950717,bll,1.850629333658711e-05
4FGL J0005.9+8736,2,9353,1.662302496525091,72.58991173851035,fsrq,1.8518386485814623e-05
4FGL J0123.1-1535,0,735,1.424197340303772,1.4799160685810402,bll,0.00030091588471317134
4FGL J1933.7-2042,0,5808,21.996105470397534,4.9525755772510625,fsrq,1.7965380939630187e-05
4FGL J2034.6-7322,0,8092,48.6647430074654,3.674977501322108,bll,2.1352270820504167e-05
4FGL J1906.6-1538,0,8165,4.764843126113544,3.888290526303955,bll,4.212818328191635e-06
4FGL J1735.6+6538,0,8041,4.05983332406524,4.585257960201898,bcu,5.9420293197222737e-05
4FGL J2010.6+1134,0,9387,1158.3150831786606,2.5680018931855964,psr,4.539529709532534e-06
4FGL J0900.8+2346,0,4022,75.90538562380367,0.4840602829757157,fsrq,1.4177947567145955e-05
4FGL J2125.0-7319,0,10928,47.71744512821821,2.325544781179655,fsrq,1.5228709643335772e-05
4FGL J0951.0-5009,0,4884,16.572240048311972,4.5525800496600315,fsrq,5.703625894435755e-07
4FGL J1115.1-3431,0,8379,5.890910946278688,4.185877918197439,bll,1.4593904007682506e-05
4FGL J0438.3+2608,0,2818,0.12626015856860195,0.6596110421173423,unid,1.2358536478988742e-07
4FGL J0859.9-5328,0,2352,0.039919314500755955,2.0461379704204887,bll,1.4287277344046516e-07
4FGL J0236.9-2337,0,833,27.2005963542304,1.9553443957570993,bll,0.00011057900686247933
4FGL J1900.6-8109,0,5663,2.975773318726576,1.6788444960589537,unid,1.190634592670796e-05
4FGL J1548.7-8112,0,3949,49.53983746166543,1.2647642566678536,fsrq,4.107119095051567e-06
4FGL J1350.3-6911,0,2494,2.6478578274123605,4.016563781920905,fsrq,0.003174163006696947
4FGL J0035.6+7451,0,9072,1.3660139465554202,4.134894137420154,bll,0.0005989830001930144
4FGL J0706.2-8120,0,9601,0.025626503343206455,0.9251138849387958,bll,0.0011551656418716868
4FGL J1436.2-1813,0,9613,16.309510789499885,0.04626960108481737,other,1.2566800172324741e-06
4FGL J0749.0-6941,0,9883,19.249463167291786,1.1765419903768537,bll,2.004396946594171e-06
4FGL J1444.9-5820,0,2379,1.442023330492297,2.153338447664201,bcu,0.00018143942354829044
4FGL J1343.4+6238,0,1189,0.9018040036939011,1.23772143509023,unid,1.9107138892812683e-07
4FGL J0802.6+4229,0,9311,18.929375917827876,4.119560637283145,unid,1.3590834885550175e-05
4FGL J1406.1+1544,0,9517,49.2361552465019,2.8161753443758992,bcu,1.7463039671824579e-06
4FGL J1625.3-4727,0,7458,398.6632293898541,3.451298708965404,bll,2.004973396894783e-05
4FGL J2250.9-0431,1,3735,0.3534661482844969,5.388533096632278,bll,0.00010004558211127752
4FGL J1104.3-4847,0,3203,6.287336132490161,4.279572377160222,psr,2.1822224710787283e-06
4FGL J2116.5-8628,1,6201,34.79462161686034,11.699762951986022,psr,2.4790217119973938e-05
4FGL J2219.6+6243,0,9232,8.82147302959064,4.209803406168971,unid,2.710311997649921e-05
4FGL J1111.0-7102,0,4566,1.6981199883739468,0.47930319924163967,bll,8.725226457807845e-06
4FGL J1849.8-0455,0,8742,6.1319620390498315,1.233033818401178,psr,6.983770081335056e-05
4FGL J0121.4-8115,0,1196,1.786640205357589,2.5796950323284213,fsrq,8.757959328626243e-06
4FGL J1157.7+2226,0,9355,21.618358436930116,3.1093728049100022,bcu,0.0016919028904055073
4FGL J2007.7+7609,0,6903,0.9355529693391564,1.4749647349198987,bll,0.00011894354358637801
4FGL J0911.2+5220,0,6338,17.918662992218223,1.5834770773144813,psr,9.754910566603119e-05
4FGL J0800.7+4358,0,3149,2.574168586388084,1.6035204668178467,unid,1.1869640530489921e-05
4FGL J1250.3-7331,0,5303,0.8977382327486274,0.920942627616857,bll,0.00012274881608016674
4FGL J2140.4-8703,0,8280,10.068881389218234,3.7380233394218916,bll,0.0001560686278238908
4FGL J2132.0+3743,0,6353,5.203665488567377,3.9460979571379724,unid,0.0003180633318660058
4FGL J0815.3-5646,0,1026,0.10345070727816019,2.671899076716297,fsrq,1.3051929321625715e-06
4FGL J1540.4-5022,0,5478,2.3918286774140136,3.2434152245211676,psr,0.00036804507762424303
4FGL J1959.2+0354,0,9837,2.584766371193141,2.747372398427454,bll,7.354663722371686e-06
4FGL J1942.7+8934,0,7470,0.9979484935837227,3.8923841455811843,psr,0.00015667304487123742
4FGL J0118.2+6652,0,8513,7.453503973816084,0.9671497970403492,bll,9.631379415635778e-07
4FGL J0532.3+4914,0,8017,1.6267852145217412,3.3084217811833243,fsrq,0.0011202600113582942
4FGL J2100.2+4613,0,678,0.6186115278685494,2.8169446529841564,psr,7.354427321394086e-05
4FGL J2315.2-0250,0,4749,0.9955408983921943,4.742743586804379,fsrq,6.037143626676549e-06
4FGL J1717.5+3255,0,3344,15.097211162072066,2.4062564118578598,psr,9.186853540112939e-05
4FGL J1823.6+1156,0,4045,0.6737554998076426,0.3561201436786082,fsrq,2.023503729327897e-05
4FGL J0258.4+2346,0,9278,2.2881847187894766,4.602538947432912,bll,3.0162433803768437e-07
4FGL J0045.2-0327,0,3265,0.20499673703096488,3.226529645088026,bll,9.023393283993057e-05
4FGL J0749.6-0941,0,5921,51.81414126155701,3.6884630341581977,bll,4.2453083961019454e-05
4FGL J0302.7-6247,0,673,0.5446665019296482,0.35142210320275646,unid,1.43932659606184e-07
4FGL J1154.0+6731,0,8506,7.94510841960084,2.38385260303213,psr,0.001520254429911375
4FGL J0435.3-4015,2,9891,1.3988049931623625,48.24615691133969,unid,6.812664449957101e-05
4FGL J0041.3-2209,0,3950,0.4649777952392786,4.569582894480165,fsrq,2.554650870317919e-05
4FGL J1932.4-5158,0,7232,0.8892860813238,2.1561849569530356,bll,0.00042420726211922987
4FGL J1227.0-1252,0,4825,1.7505142986284754,1.4311155051285696,unid,3.721740727985229e-05
4FGL J1303.9+4519,2,5514,0.7297941568853882,97.58585626635727,bcu,0.0007773279339142528
4FGL J1820.4+2451,0,4201,2.979417003654508,4.478505509557591,bll,3.4222721035483488e-06
4FGL J0906.6+2606,0,818,14.395407773555501,0.706563722470801,bll,1.3683026809435247e-05
4FGL J0125.2-5631,0,4338,34.97480733684219,3.3644690199464438,bll,3.0559321066080526e-07
4FGL J0235.7-6608,0,10266,14.398900233206124,3.847942604584283,other,1.61448748323961e-05
4FGL J0247.2-5930,0,3927,42.71551686575679,1.493575935623075,bll,5.120603399063086e-05
4FGL J0449.2-8820,0,5788,6.512071373761402,4.206733318737243,bll,7.251087484500327e-05
4FGL J0601.6-7128,0,10901,25.208436288342206,1.7402053522439669,bll,3.2727680026203733e-06
4FGL J2020.7-1915,0,29478,1017.3656745224448,4.602586339236048,psr,0.0002965060816363902
4FGL J0333.3+0227,0,9517,50.97440201024168,1.2754321555964665,bll,5.02768990630961e-07
4FGL J0702.2-0831,0,3696,3.767300063724612,4.98978357751143,fsrq,6.490071969738303e-05
4FGL J1238.9-7307,0,887,2.7544122438870113,3.6066421154485067,fsrq,1.7048000071319713e-05
4FGL J0247.9+6437,0,3272,62.80237536481618,2.323230005703944,unid,0.00010186266749885288
4FGL J1328.1+4515,0,1733,3.7378346954211943,1.999972984047499,psr,2.7294424089865405e-05
4FGL J0300.8-3604,0,9570,0.7294143150960162,0.19485067899660813,bll,2.2794840206311012e-05
4FGL J1030.0-0741,0,3145,17.342148306369364,3.6683031950653247,psr,1.3438602952931276e-06
4FGL J1557.9+3014,0,5435,21.045429050196084,0.8195860147179246,bcu,5.795413520358061e-06
4FGL J1624.3+3425,0,30534,1045.403641920712,4.1032127364914475,bcu,3.2791027175046746e-06
4FGL J2131.2+1016,0,9153,3.2876816502307293,0.7428305991795631,fsrq,1.7218006415832858e-05
4FGL J0415.4+1259,0,1039,0.16363249840726432,2.797199557514488,bll,0.0001225075899254537
4FGL J0346.4-4807,1,5884,85.57403199317142,5.780699475775778,bll,2.8975483403591065e-05
4FGL J0843.5-1205,0,5846,0.22578570339784979,4.20202549222265,fsrq,2.589486437929205e-05
4FGL J0317.6-5205,0,367,6.417613680416437,1.0881265627476655,fsrq,0.00020208585174529573
4FGL J0614.8-0215,1,699,15.623462462744627,4.382709855715161,bll,1.1699483986239065e-05
4FGL J1606.1-0050,0,9123,2.197872940820632,0.6768376025150119,psr,9.896129354080112e-06
4FGL J1704.6-7350,0,273,1.5427662833699178,3.2337129304227386,fsrq,1.3711100875878217e-05
4FGL J2029.7-8816,0,9008,9.578119713905384,1.9126653471978061,psr,7.664860327257077e-07
4FGL J1017.6+7858,0,305,0.6379659520049268,0.05558391167186816,psr,5.777816569288303e-07
4FGL J0443.5-6236,0,24647,657.6937616129915,0.3282535845952417,fsrq,4.4085106709017676e-05
4FGL J0847.7+2412,0,4693,3.582878865399562,2.57593479436308,fsrq,0.0001800352588428344
4FGL J1313.8+3754,0,3136,42.78768217253995,0.8893531676711403,bll,0.0002643969250792713
4FGL J1212.9+4305,0,6485,12.686825890426089,1.3803595618293163,fsrq,1.3401227655330528e-08
4FGL J1253.8-3111,0,9884,48.12424745523156,0.6977730228178219,psr,0.00048225460287839705
4FGL J2212.4-3016,0,783,4.150932698523547,4.844115692285845,other,5.612140699378318e-06
4FGL J0432.6-3156,0,2831,38.350218690117785,1.7208176337590197,bll,0.000984425289303199
4FGL J2317.0-3653,0,6496,1.2020017571362238,0.5203963543737911,bll,0.00020345819558756573
4FGL J0307.0-0658,0,8273,55.14309077520693,1.5960196791276537,fsrq,5.487821023724802e-06
4FGL J1423.8-6501,0,3007,2.298084039547618,4.845391001303773,bll,3.372232767021749e-05
4FGL J0022.6-5142,0,195,13.38235363598304,4.84207431347809,fsrq,0.0001578074897194188
4FGL J2055.9+6859,0,516,0.6824220821581947,1.5273372626400028,bll,7.991017874483524e-05
4FGL J0120.6+8821,0,8534,7.705634385259547,3.6249112960479835,unid,5.521648437042378e-05
4FGL J2234.9-4140,0,4017,6.508890092351844,2.0488943578848757,fsrq,0.00026969754179724054
4FGL J1851.0-5252,0,8285,0.06666170191029173,3.6386054816335505,fsrq,1.802885984149581e-05
4FGL J0411.5-8129,0,9438,1.2916404163642208,0.4865092439895041,psr,0.0005783134618996122
4FGL J0320.2-1145,0,9451,0.6286977762369594,3.978044624097366,fsrq,8.920695415170155e-06
4FGL J1535.3+5306,0,5999,11.655263402530974,3.7788786956616596,unid,0.0062310598702711995
4FGL J2208.6-1554,0,6064,0.2382933838258951,0.158798943702399,bcu,0.00012308332271331792
4FGL J0455.8+8659,0,6957,7.586587982336691,2.070479663713169,bcu,1.1633810664086678e-05
4FGL J1211.8+2126,0,10886,24.281768652613263,1.1362404559197725,bll,2.411996534611372e-05
4FGL J0257.4+0816,0,9501,6.5364079824283605,1.0032229363304963,psr,1.4367483934973676e-05
4FGL J1253.7+1224,0,2357,0.4160104908267419,3.889149895701019,unid,0.0003248386797132833
4FGL J1132.9+7238,0,2181,1.0753143911251255,1.670788629235656,bcu,3.9447718804569715e-07
4FGL J1046.2+2046,0,2215,0.8304089150078653,1.145770935127144,bll,9.946925556466553e-05
4FGL J0239.4+7812,0,8837,0.2971113480721703,0.8053985074785708,fsrq,2.242802446326139e-07
4FGL J2127.1-2806,0,3548,6.444043260905214,4.011321790053547,bll,0.001030616970462493
4FGL J2317.3-6910,0,165,14.109771666931117,4.965881090627439,psr,0.0001492234956242488
4FGL J2340.7-5448,0,4249,0.24859479866234457,0.05995622014127622,bll,0.0003015092718086792
4FGL J2331.6-4706,0,6544,2.135628119529001,4.607813021471752,fsrq,5.10313105647122e-06
4FGL J0844.9+0105,0,4132,76.26042036586753,1.6503539641449605,fsrq,0.0004660192143735174
4FGL J1300.0-2717,0,8289,2.4460755218889294,0.44627733607461473,bll,2.3541374220707916e-05
4FGL J0832.1-8611,0,3075,2.0603204037241154,2.3694143667211898,bll,1.5991387308794435e-05
4FGL J0759.3-0618,0,6338,234.89405968522868,3.7490887363750285,bcu,1.1981631875619852e-07
4FGL J0702.9+2826,0,7130,10.663801037395446,1.8256918412936474,fsrq,1.796024758803003e-05
4FGL J1223.8+7738,0,1909,1.5027274594749198,1.1637007369541386,bcu,1.837673091508461e-05
4FGL J1333.5+2539,0,8859,1.2690770735871173,1.5462923726638067,bll,0.00011413554645647491
4FGL J0646.9+3404,0,6379,4.65169154708791,1.1941245273043455,psr,0.0003432824591358735
4FGL J1618.0-3542,0,198,4.656280459991791,1.958636755756646,unid,1.2937361520245665e-05
4FGL J1828.9-6049,0,1681,9.279190034941648,0.8990778499051189,psr,6.54850320429114e-05
4FGL J0357.3-0822,0,8825,2.809502152011386,0.19473829449739022,bll,0.0001310945541297463
4FGL J2307.8+3817,0,12979,71.28311599733203,1.104908616665904,fsrq,6.430472942443834e-08
4FGL J2214.5+8906,0,3824,3.646915254095956,2.0564505482399094,unid,1.8220905197721956e-05
4FGL J1616.2+2107,0,4346,4.755216775483992,4.159888243744186,bll,4.9105613391859764e-05
4FGL J0228.9+8224,0,7037,25.1300524617191,1.276696671896977,bll,1.9703513848581883e-05
4FGL J0531.0+4619,0,2644,0.3504369599749663,1.0976550990780969,bll,3.4571672265648096e-05
4FGL J0501.0+4500,0,4065,3.40220711810422,1.5369252374335045,unid,9.79872359631497e-05
4FGL J0633.1+2327,0,9963,8.385030074851693,2.4053132267300246,bcu,9.49567966297607e-05
4FGL J1054.6-2628,0,2409,20.882565444978034,1.434624709689079,bcu,0.00012929152865952855
4FGL J0436.8-7507,0,1786,0.5559933250054422,3.2453012528569154,fsrq,8.920965545091887e-06
4FGL J1046.9-4842,0,10858,46.73545227244594,3.660310485346705,bll,6.940569566876336e-05
4FGL J0926.1-3922,0,3356,2.3206075303925338,2.862634362984542,psr,2.2082738593498803e-06
4FGL J1926.0-2219,0,4818,0.39163609417712575,1.9983794522093516,psr,4.0054217213690736e-06
4FGL J0403.6-2843,0,7129,0.8502052195613248,1.2917226658522707,psr,0.00023269229244117105
4FGL J2016.3-5520,0,8279,1.725423087961981,3.458932710713439,bll,0.0010079140310468302
4FGL J1006.3-4325,0,7663,2.4797181873388263,4.2011648977381375,other,7.145518385730763e-07
4FGL J0146.9-3015,0,6031,10.909599546055365,3.856811561942444,unid,1.3058361159267863e-05
4FGL J1037.8+2820,0,3753,3.5572485908632716,3.319368887861232,bll,0.0003090957083208047
4FGL J0813.5+1633,0,2125,4.285694971673402,3.629634899711175,fsrq,0.00022667252325027365
4FGL J2142.8+0245,0,533,2.2278957367189363,2.3463592318146453,psr,1.1942826310560636e-06
4FGL J0828.6+8153,0,9083,10.477986958136347,2.7505336503458193,bll,0.001478250899136681
4FGL J2033.2+6809,0,7043,1.9657791691734454,4.101105988707641,unid,0.0001058508177597118
4FGL J1040.5+3119,0,12684,228.07317304303058,1.2893187777634596,fsrq,0.0006598182966513913
4FGL J1619.0+3107,0,7478,4.009415115780763,3.3601868935892867,fsrq,2.928241429397739e-05
4FGL J0012.3-5741,0,1785,0.11397234975453603,2.5743995998613043,bll,1.7592971930604484e-07
4FGL J1635.1+7623,0,2880,0.729558723127694,0.2854305061899054,bll,4.2006058229631224e-05
4FGL J1323.8+3827,0,14195,872.7117377300491,4.354026263548302,unid,3.016013918494175e-06
4FGL J0255.4-6419,0,6605,0.9066949676256574,0.9107198723757864,psr,1.6093580996815833e-05
4FGL J1949.7-3851,0,2980,0.28207364062124096,2.4523457925523378,bll,0.0002451126999279459
4FGL J1441.6-2401,0,2429,4.901865464547662,0.7095536986467238,fsrq,7.666251431894442e-06
4FGL J0310.1+7017,0,7193,7.903133539565218,3.7326543340946223,bll,1.2428710722739384e-06
4FGL J1203.3-6522,0,2975,23.22842147517431,2.314870059373773,unid,0.006223315803824845
4FGL J1606.9+2452,0,3331,0.3429467491506624,4.07571158593819,fsrq,6.95957572709254e-07
4FGL J1547.2-6518,0,9839,0.9441546533823365,0.8748954436036982,psr,4.5840550644071594e-07
4FGL J2215.8-6841,0,4843,11.71546510953862,1.1885901301039614,other,1.1887043852852668e-06
4FGL J2159.4+2051,0,4313,21.50222416214831,4.700592050278774,fsrq,0.0008646428886723528
4FGL J1146.5-6818,0,3539,5.1363062913366475,3.7840590962117524,bll,2.69026182702765e-06
4FGL J0318.7-0210,0,9559,10.985344622080268,1.0844527349873583,fsrq,7.807435529798648e-05
4FGL J1650.3+8617,0,7895,1.531255785921501,4.624913865355939,fsrq,9.378704165385143e-06
4FGL J1540.1+3224,0,2295,6.2539089189172286,4.534053711794298,psr,2.9221093483823807e-06
4FGL J1330.4+1357,0,8176,0.5119554840072658,4.901892345293715,psr,1.7354583903830228e-06
4FGL J1134.5-6025,0,9178,0.9334351039522896,2.95863729720244,bll,5.8202865435323004e-05
4FGL J1001.3-4217,0,1062,31.93598651164962,4.650680397559798,fsrq,0.0010341459293038125
4FGL J0250.9+0633,0,4183,3.1554878227232126,4.604310459731275,bll,5.868416686858224e-06
4FGL J0008.1+8342,0,10024,4.123155364260233,3.7674565366902177,other,1.0358342637076958e-05
4FGL J0230.1-1008,0,1747,1.9804550444055689,3.752154244169316,bcu,7.61905801290328e-07
4FGL J0404.5+1159,0,606,100.09498048753781,1.0831404379134024,bll,0.0002517842303286905
4FGL J2159.6+2041,0,5439,4.457478940805591,2.7613772629020605,bll,0.00033045359498342687
4FGL J2008.7+5504,0,8476,4.9004932692809255,3.257648426825037,bll,1.7630281463608858e-05
4FGL J0908.7+2851,0,507,0.6180359361211698,1.6703922083455862,bcu,2.922800375534361e-05
4FGL J0226.0+2751,0,2549,77.61965371481865,0.7314972941572845,fsrq,1.3803466755330077e-05
4FGL J0509.8-7422,0,5290,0.41181414817578404,0.15005243887070585,bll,0.00010913556568530664
4FGL J0856.8+3911,0,10107,6.5094026174346125,3.4499675311488827,bcu,4.027860120972544e-08
4FGL J1359.2+5108,0,4652,27.83441759260754,1.1240624084942303,bll,0.00011750719249418217
4FGL J0642.2+0400,0,6093,34.09317017122594,0.45543533293937066,fsrq,3.383703573693744e-06
4FGL J2146.9+0217,0,3353,0.03159688268251393,1.5327887585304967,other,9.125015213476034e-07
4FGL J0749.2-2624,0,3043,44.98563097448961,3.4099370257315487,unid,3.538243025798532e-06
4FGL J0924.2+4423,0,8843,14.486972035396095,0.7388141017546457,other,2.2978490970965587e-05
4FGL J1150.9-4654,0,5502,6.718907969818694,0.5208903625400346,bll,2.6507944451323096e-05
4FGL J1730.5-0511,0,4686,1.2111368662024098,2.174191236513324,bll,0.00015904019283669447
4FGL J1432.2-3418,0,842,1.0293614599322753,0.8825220454479243,bll,0.00020216069547106057
4FGL J2253.6-0822,0,5058,32.06784511936553,1.8958575097495034,other,2.322369056127758e-05
4FGL J0121.1+0245,0,2533,60.13413238389077,0.5323190179383824,bll,3.288383154860269e-05
4FGL J0708.7-5113,0,6078,0.23370735191300382,3.986470580503049,psr,3.6123638477265896e-05
4FGL J0928.7-0117,0,2289,7.2063077930418835,4.654384337645569,fsrq,0.00012370512618670843
4FGL J1438.1-5123,0,2488,32.28085973878765,1.927229754582982,unid,7.740487890715377e-05
4FGL J1230.7+4430,0,3577,8.267533331775768,2.2222071708849795,unid,2.6308363958482604e-05
4FGL J1744.8+2130,0,1760,0.7847281255509047,3.642383420605664,bll,3.712597517187105e-06
4FGL J0519.1-2120,0,6847,1.0116899311325978,2.588772926429394,fsrq,1.3698417456606907e-06
4FGL J0700.5-8942,0,8509,0.4068779957250291,1.6320504301721295,bcu,2.096924240385342e-05
4FGL J1943.0-1938,0,6642,2.1969904067890775,0.1965693676478808,bll,1.992344519784e-06
4FGL J2038.7+1217,0,4370,9.380670411382665,4.497187311973582,unid,8.303705128375841e-06
4FGL J0900.8+6734,0,208,1.4013304222129104,0.7741565909672338,other,0.0001189136622928459
4FGL J0013.1-0351,0,2946,1.2573477201965844,1.0483938899753937,fsrq,1.1193395667948946e-07
4FGL J1653.4+7157,0,2790,2.4646400927781653,2.5545863165930967,fsrq,6.264239331434901e-06
4FGL J0946.8-1249,0,1024,3.5318729647342804,4.788047415641771,bcu,6.64544678036915e-08
4FGL J1020.9+2010,0,8404,0.7806988692655765,4.40171370714658,fsrq,6.5068698254896406e-06
4FGL J0813.6-0823,0,3110,6.907320641934064,3.047452492397486,psr,4.9373401307789525e-06
4FGL J2356.0-4234,0,9544,2.2777208394633335,0.9175059365178473,unid,2.3010298456568807e-07
4FGL J0206.1-6155,0,7286,27.11279398618483,0.4868361837095997,fsrq,1.5881010212704796e-07
4FGL J1529.0+7638,0,6807,11.336167271977676,4.745147710224037,fsrq,0.0001711812158485584
4FGL J0712.6+1148,0,2456,22.80882615047712,1.7462977062139977,bll,4.108497830633497e-05
4FGL J2144.6+3445,0,6295,19.556076957226313,2.665801248364463,psr,9.838235769903012e-06
4FGL J1523.4-5159,0,1914,6.705879281166745,0.7411637611807087,fsrq,0.0004167588219191024
4FGL J1534.5+6706,0,6522,0.49355620882708606,2.3312406392165075,bcu,0.007667854434308494
4FGL J1712.2-2739,0,4713,46.89407408808806,0.5335677760597873,bll,5.81663598562241e-05
4FGL J2315.0+7917,0,5216,649.2649095007475,3.6492662347705767,bcu,0.0004889606749586339
4FGL J0614.6-6730,0,5650,2.0421759520421494,2.15582048907218,bll,2.5315621217630587e-05
4FGL J1326.6+2910,0,351,70.23289834143401,2.788909271064661,fsrq,7.729040340694609e-05
4FGL J0202.8+3041,0,6705,17.177388388687195,3.6937919488242192,psr,3.2898492592709954e-06
4FGL J1223.8+7756,0,3664,0.031844462073149005,3.9099192678835477,psr,1.1648477521583482e-06
4FGL J1112.2-5839,0,544,0.424515706434667,1.4581094468372235,psr,4.353887692807406e-06
4FGL J2352.0-7249,0,4132,4.696719349717924,1.8252563467985254,bll,9.579652683948867e-06
4FGL J0706.8+5006,0,2398,12.497527457744072,0.1258656485280507,fsrq,8.372955056996688e-05
4FGL J0705.4+0805,0,2765,107.00626253809538,4.114055842681141,bll,3.6858415119526934e-06
4FGL J1519.0-0622,0,8995,5.173532129668933,3.200015392059681,psr,1.868401139173763e-05
4FGL J1459.2+6807,0,459,42.90750957174625,0.3906552146952791,bll,5.4578225426614914e-05
4FGL J1650.7+4247,0,11964,53.28170399576502,1.1349309062081803,bll,0.00019699584177260767
4FGL J1811.6-5723,0,4672,22.87481311612017,2.6597523607337004,other,4.747858311879472e-05
4FGL J1222.9-2635,0,123,3.149104621516503,3.067338002760419,fsrq,1.1603039140407651e-05
4FGL J0505.7+6623,0,6278,29.44733072630683,1.7355612855415865,psr,0.0002715684350788083
4FGL J0211.2+1637,0,7885,2.680751528512902,3.262598285042567,other,6.556210699312159e-05
4FGL J1424.3+5926,0,996,0.822551735160064,3.9305414887911883,bll,5.080745958786308e-07
4FGL J2324.6+4529,0,3015,1.2802331672617953,3.4446782050428135,bll,1.291289899092707e-05
4FGL J0208.7-6413,0,7421,22.791791148259264,3.9549017152755606,fsrq,5.030314500080963e-05
4FGL J0937.6-4219,0,1715,5.350847317855361,2.587709026719546,fsrq,6.571107893780803e-05
4FGL J2022.3+3208,0,5804,2.852788743240818,0.623715390685432,psr,1.5389110378901455e-05
4FGL J1758.7-1659,0,5178,1.9940397748210825,3.2434489227494434,fsrq,6.115044720410057e-05
4FGL J1817.4+3537,0,9933,2.646335715235449,4.19950466255877,other,9.889015431591357e-05
4FGL J1037.0+5811,0,8459,0.5496476500311838,1.945427038791474,fsrq,5.5380710277723894e-06
4FGL J2256.7+1002,0,9353,5.402903983874661,2.3654371857359227,bll,0.0004981980133587732
4FGL J0946.9+5403,0,352,26.43276506200966,0.7351547026024141,other,2.296690810440751e-06
4FGL J0119.3-0333,0,10812,65.63247780673476,3.6246972030522775,bll,1.5775787419582795e-05
4FGL J0312.3-6408,0,5902,3.77394568520922,3.769024310301099,fsrq,0.00010945454833864454
4FGL J0048.8+3415,0,7065,0.24032678596154175,2.47275095048592,bll,0.00015750236254495907
4FGL J0830.3+5146,0,6308,13.257746834974755,0.3251922986059663,fsrq,1.777661636434942e-06
4FGL J1809.4+1857,0,3713,19.65529219385376,4.636462499227005,fsrq,0.002532882244106056
4FGL J1438.1-1954,0,1527,94.0141966461687,4.064670624500799,other,3.955925264845887e-06
4FGL J0742.9+7837,0,7620,1.5538562968446155,4.547140994945033,fsrq,5.1781551235676026e-05
4FGL J0154.2+7407,0,9613,2.85905124200212,2.609403635092537,bll,0.00509848174275458
4FGL J2317.7+4617,0,5159,23.844210646709424,0.19951635305644144,psr,3.2150729682315057e-06
4FGL J0831.2+3910,0,9162,3.0702515688527945,1.071239244710367,bcu,0.00015273995678430642
4FGL J1126.6-6227,0,8128,12.778927715613454,4.44291558445369,fsrq,5.9979972625783884e-05
4FGL J0217.5-1517,0,4538,1.053284725815588,0.6339829909336708,bll,9.174788612838527e-06
4FGL J0120.5-7725,0,5005,3.675796903556648,4.842774545425985,bll,0.0003643578555660844
4FGL J1047.6+1444,0,6093,0.1411330314392773,2.219977612888932,fsrq,2.309088050590959e-05
4FGL J1045.9+3322,0,229,6.112301940868986,3.02046432790749,psr,6.033366717194113e-06
4FGL J0041.5+3616,0,8527,2.111118687114567,1.2742452723760211,other,4.905844558408322e-07
4FGL J1212.8+3644,0,9454,88.59269366344444,0.6715614988959334,bll,0.000123646733278663
4FGL J1609.7+4241,0,4679,25.012016270437194,4.135002485161772,psr,9.173964276825073e-07
4FGL J1025.1+7631,0,8980,51.03699472887178,4.42591934658372,bcu,5.526452711137317e-06
4FGL J1807.2-5720,0,341,0.8990788046302376,1.9863532592099464,fsrq,0.00011524589037439876
4FGL J0957.1-1757,0,9619,8.290463144644317,2.4807671964209685,unid,1.2004398395309312e-05
4FGL J1933.5+6211,0,4186,38.328515889157515,0.25041177101285506,psr,3.0923678520511175e-05
4FGL J0842.5+7701,0,4079,12.901565620435655,1.7314728101419818,bll,6.44301832772525e-07
4FGL J1355.9+4647,0,214,1.381676616826425,3.163441979861875,fsrq,1.5885038736759342e-05
4FGL J1657.6+3922,0,989,20.51178953434215,1.2727724637285942,bll,1.2694106474102054e-06
4FGL J1528.4-4719,0,2916,0.8671237390592443,1.436786853814274,bll,0.0019814806322544475
4FGL J0121.4-5604,0,7839,2.440547759990367,1.3326267665056886,fsrq,8.0604801857079e-06
4FGL J0456.6-8411,0,5404,6.33469539841091,2.2480979421441876,unid,8.31861813896529e-07
4FGL J2113.9+5205,0,3311,47.2098150544979,4.52886288860187,bcu,1.5696537331232083e-06
4FGL J1311.5+4422,0,8420,0.4670645043969911,2.8163677906177345,fsrq,1.0774146212191797e-07
4FGL J1137.4+7225,0,404,0.4346312363905909,4.245242925465319,fsrq,2.590915600141831e-05
4FGL J0125.5+3950,0,10162,18.522306219248225,2.6486751041077654,psr,6.411766990369648e-05
4FGL J0842.5+1419,0,7039,1.4470961022395024,3.671280218979667,bll,5.4462936542074425e-06
4FGL J0755.7+2305,0,7683,2.7064549676556275,2.2004178144619004,fsrq,3.0263092716524652e-06
4FGL J1936.3-1735,0,5464,46.68226809753245,1.0594507785686775,bll,7.591059482924091e-08
4FGL J0528.3+7350,0,9336,2.3157368472102284,3.591084142454115,psr,0.0014276520912746326
4FGL J2245.7+6216,0,8227,3.427719966604842,1.500903688094935,fsrq,1.6213499058406107e-06
4FGL J0328.6+1507,0,8875,25.414510288480304,1.8330865155424285,bll,1.5245164401573696e-05
4FGL J1719.1+7416,0,9078,7.70884530204754,2.221507679875348,psr,1.9512180448364614e-06
4FGL J0859.0+3710,0,12264,68.78019148336534,4.166474857602033,bcu,4.229640404864113e-06
4FGL J0113.8+5942,0,3426,0.2592340475492787,1.9414011542713054,bll,0.0011088757674323905
4FGL J0821.7-2242,0,10144,6.183974085813827,0.29811118590110597,bcu,2.3333098571307527e-05
4FGL J0837.8-1221,0,13581,361.2519775984769,1.2232281926523187,bll,0.014913100697700183
4FGL J0432.5+6418,0,9391,1.0568360764413764,1.7103672837740076,bcu,0.0008066289767320873
4FGL J1234.9-1736,0,10394,19.772218507838236,3.2693865904856683,unid,0.0002301944877475817
4FGL J2135.3+2109,0,2671,1.4084535762131236,1.757301063765548,fsrq,1.4583258912629284e-05
4FGL J2152.4-1402,0,8017,2.191257888773642,0.11195684660174343,bll,3.0000781256897792e-05
4FGL J0459.0+1656,3,7843,0.06762156361238071,16.15465642760161,bll,3.249840005003181e-08
4FGL J1130.5-2538,0,10042,29.208321906515632,2.7031867330564,bcu,0.00011953663566380615
4FGL J1816.9+8649,0,5743,8.583495682600725,1.7796335481041126,psr,0.0005999132776505994
4FGL J1011.3+5245,0,8430,1.7050114373468546,1.910582470936244,fsrq,6.050070742454418e-07
4FGL J0916.1+1325,0,7995,0.01928338315467486,3.400141256363301,psr,0.00029148739839351495
4FGL J1126.0-0130,0,411,8.240613516469633,2.4124314064859336,bll,2.5320433763138116e-06
4FGL J2204.9+0903,1,7709,0.22487940847529503,11.71411950686703,bll,2.6795604790664517e-09
4FGL J1255.3+3753,0,820,1.1429806283503476,3.180245415985896,psr,1.0596714373008105e-05
4FGL J1503.4+3840,0,6819,1.393267484452784,2.104166018630336,fsrq,5.396058743638753e-06
4FGL J2143.0+6259,0,2219,7.471119646014738,4.190863361039557,other,1.2168286106313097e-07
4FGL J0923.1+4326,0,894,9.533875666373993,0.5060687149694237,fsrq,2.392784939199011e-06
4FGL J1849.9-1152,0,4300,1.671150429834415,0.7870204114268209,unid,1.5521388790268845e-07
4FGL J0751.6+1627,0,8513,14.073469378232708,1.1834962032769658,bll,2.921164904118307e-06
4FGL J1959.6+8905,0,5627,0.31626172367894984,0.32095562944104816,fsrq,0.00012101029518058033
4FGL J1750.8-6529,0,10160,37.08951977487239,2.617627435279965,other,5.4506515716856484e-05
4FGL J1713.7+5908,0,3286,1.672057669921165,4.087216109385812,unid,6.764255376609998e-08
4FGL J1259.6-1320,0,6564,166.10783529717952,0.19951171271544277,bll,3.50431075506867e-05
4FGL J2032.5-7420,0,9743,5.294302107645342,3.612207016242879,psr,1.1627935081633788e-06
4FGL J0958.9-2725,0,7290,132.06587046541304,0.1061524583698642,psr,8.379186507361936e-07
4FGL J1523.9+8704,0,2463,20.742017325451716,4.8507690465241655,fsrq,6.069240907852974e-07
4FGL J1626.5+2238,0,7677,3.836532277917814,3.5850870068238305,unid,3.1614170324247496e-05
4FGL J1604.6-0807,0,6080,0.13880903697658598,4.954386934369797,fsrq,6.632405969847689e-06
4FGL J0526.5-0047,0,4859,4.796420608326671,1.2979800326364543,bll,8.625588887775457e-06
4FGL J0806.3-1001,0,4351,7.3091316870505985,1.1403466031647973,bcu,4.986185586811373e-05
4FGL J1320.5-3106,0,5582,2.0520419584821488,2.9490086841798444,bll,4.986345649230495e-05
4FGL J0256.2-5812,0,9878,0.38145267296107954,0.8831725961495579,fsrq,8.526064540978465e-06
4FGL J1744.5-3454,0,7387,0.6818106710878402,3.9466925429749864,bll,9.958784595577388e-07
4FGL J1922.5-6712,0,5239,5.695233831991372,2.967245759755361,unid,2.9456595890261418e-05
4FGL J0715.4-2208,0,3431,3.8817558254652424,4.845016310871466,psr,1.505877393746293e-05
4FGL J0800.1+0145,0,3254,0.9086696765409247,0.02173151903806181,unid,6.0762416294486425e-06
4FGL J1954.2-1113,0,6036,7.666987695676344,2.1788532395461164,unid,2.172173341692528e-05
4FGL J1636.3-1316,0,2100,2.5823732130442583,2.621638167594655,fsrq,4.828854287312294e-06
